ra_game_id,title,category,achievements,ra_hashes,status,local_roms,local_releases,dat_entries,dat_games,nointro_db_files,nointro_db_titles,local_sources
503,Tetris Worlds,Official,35,1,local,1,"Tetris Worlds (Europe) (En,Es,It)",4,"Tetris Worlds (Europe) (En,Es,It)",0,,"nointro,retroachievements"
505,Super Mario Advance,Official,81,5,local,5,"Super Mario Advance (USA, Europe)",4,"Super Mario Advance (USA, Europe)",0,,"nointro,retroachievements"
506,Advance Wars,Official,92,1,local,1,,0,,0,,retroachievements
507,F-Zero: Maximum Velocity,Official,37,1,local,1,"F-Zero - Maximum Velocity (USA, Europe)",4,"F-Zero - Maximum Velocity (USA, Europe)",0,,"nointro,retroachievements"
509,Bomberman Tournament,Official,56,2,local,2,"Bomberman Tournament (USA, Europe)",4,"Bomberman Tournament (USA, Europe)",0,,"nointro,retroachievements"
510,Castlevania: Aria of Sorrow,Official,66,7,local,7,Castlevania - Aria of Sorrow (USA),4,Castlevania - Aria of Sorrow (USA),0,,"nointro,retroachievements"
512,Ghost Rider,Official,52,1,local,1,"Ghost Rider (USA, Europe) (En,Fr,De,Es,It,Nl)",4,"Ghost Rider (USA, Europe) (En,Fr,De,Es,It,Nl)",0,,"nointro,retroachievements"
514,Metal Slug Advance,Official,23,5,local,5,"Metal Slug Advance (Europe),Metal Slug Advance (USA)",8,"Metal Slug Advance (Europe),Metal Slug Advance (USA)",0,,"nointro,retroachievements"
515,Pokémon FireRed Version,Official,61,11,local,11,"Pokemon - FireRed Version (USA, Europe) (Rev 1),Pokemon - FireRed Version (USA, Europe)",8,"Pokemon - FireRed Version (USA, Europe) (Rev 1),Pokemon - FireRed Version (USA, Europe)",0,,"nointro,retroachievements"
516,Tony Hawk's Pro Skater 2,Official,32,1,local,1,"Tony Hawk's Pro Skater 2 (USA, Europe)",4,"Tony Hawk's Pro Skater 2 (USA, Europe)",0,,"nointro,retroachievements"
519,Final Fantasy Tactics Advance,Official,138,1,local,1,"Final Fantasy Tactics Advance (Europe) (En,Fr,De,Es,It)",4,"Final Fantasy Tactics Advance (Europe) (En,Fr,De,Es,It)",0,,"nointro,retroachievements"
526,Crash Bandicoot: The Huge Adventure,Official,72,3,local,3,"Crash Bandicoot - The Huge Adventure (USA),Crash Bandicoot XS (Europe) (En,Fr,De,Es,It,Nl)",8,"Crash Bandicoot - The Huge Adventure (USA),Crash Bandicoot XS (Europe) (En,Fr,De,Es,It,Nl)",0,,"nointro,retroachievements"
527,Shaman King: Master of Spirits,Official,66,8,local,8,"Shaman King - Master of Spirits (USA),Shaman King - Master of Spirits (Europe) (En,Fr,De)",8,"Shaman King - Master of Spirits (USA),Shaman King - Master of Spirits (Europe) (En,Fr,De)",0,,"nointro,retroachievements"
528,Doom,Official,83,2,local,2,"Doom (USA, Europe)",4,"Doom (USA, Europe)",0,,"nointro,retroachievements"
529,Mario vs. Donkey Kong,Official,34,1,local,1,"Mario vs. Donkey Kong (Europe) (En,Fr,De,Es,It)",4,"Mario vs. Donkey Kong (Europe) (En,Fr,De,Es,It)",0,,"nointro,retroachievements"
531,Ace Combat Advance,Official,43,1,local,1,"Ace Combat Advance (USA, Europe)",4,"Ace Combat Advance (USA, Europe)",0,,"nointro,retroachievements"
532,Mario Golf: Advance Tour,Official,70,1,local,1,Mario Golf - Advance Tour (USA),4,Mario Golf - Advance Tour (USA),0,,"nointro,retroachievements"
533,Mario Kart: Super Circuit,Official,94,2,local,2,"Mario Kart - Super Circuit (USA),Mario Kart - Super Circuit (Europe)",8,"Mario Kart - Super Circuit (USA),Mario Kart - Super Circuit (Europe)",0,,"nointro,retroachievements"
534,Metroid: Zero Mission,Official,55,4,local,4,"Metroid - Zero Mission (Europe) (En,Fr,De,Es,It),Metroid - Zero Mission (Japan),Metroid - Zero Mission (USA, Australia)",12,"Metroid - Zero Mission (Europe) (En,Fr,De,Es,It),Metroid - Zero Mission (Japan),Metroid - Zero Mission (USA, Australia)",0,,"nointro,retroachievements"
535,Super Puzzle Fighter II Turbo,Official,25,1,local,1,Super Puzzle Fighter II (Europe),4,Super Puzzle Fighter II (Europe),0,,"nointro,retroachievements"
548,Naruto: Ninja Council 2,Official,23,3,local,3,Naruto - Ninja Council 2 (USA),4,Naruto - Ninja Council 2 (USA),0,,"nointro,retroachievements"
554,Fire Emblem: The Blazing Blade,Official,87,2,local,2,"Fire Emblem (Europe) (En,Fr,De),Fire Emblem (USA, Australia)",8,"Fire Emblem (Europe) (En,Fr,De),Fire Emblem (USA, Australia)",0,,"nointro,retroachievements"
557,Sonic Advance 2,Official,39,4,local,4,"Sonic Advance 2 (USA) (En,Ja,Fr,De,Es,It),Sonic Advance 2 (Europe) (En,Ja,Fr,De,Es,It),Sonic Advance 2 (Japan) (En,Ja,Fr,De,Es,It)",12,"Sonic Advance 2 (USA) (En,Ja,Fr,De,Es,It),Sonic Advance 2 (Europe) (En,Ja,Fr,De,Es,It),Sonic Advance 2 (Japan) (En,Ja,Fr,De,Es,It)",0,,"nointro,retroachievements"
559,The Legend of Zelda: The Minish Cap,Official,66,4,local,4,"Legend of Zelda, The - The Minish Cap (USA)",4,"Legend of Zelda, The - The Minish Cap (USA)",0,,"nointro,retroachievements"
568,Boktai: The Sun is in Your Hand,Official,67,3,local,3,"Bokura no Taiyou - Taiyou Action RPG (Japan),Boktai - The Sun Is in Your Hand (Europe) (En,Fr,De,Es,It),Boktai - The Sun Is in Your Hand (USA)",12,"Bokura no Taiyou - Taiyou Action RPG (Japan),Boktai - The Sun Is in Your Hand (Europe) (En,Fr,De,Es,It),Boktai - The Sun Is in Your Hand (USA)",0,,"nointro,retroachievements"
569,Boktai 2: Solar Boy Django,Official,38,3,local,3,"Zoku Bokura no Taiyou - Taiyou Shounen Django (Japan) (Rev 1),Boktai 2 - Solar Boy Django (Europe) (En,Fr,De,Es,It),Zoku Bokura no Taiyou - Taiyou Shounen Django (Japan)",12,"Zoku Bokura no Taiyou - Taiyou Shounen Django (Japan) (Rev 1),Boktai 2 - Solar Boy Django (Europe) (En,Fr,De,Es,It),Zoku Bokura no Taiyou - Taiyou Shounen Django (Japan)",0,,"nointro,retroachievements"
572,Magical Quest 3 Starring Mickey & Donald,Official,57,1,local,1,"Magical Quest 3 Starring Mickey & Donald (USA) (En,Fr,De)",4,"Magical Quest 3 Starring Mickey & Donald (USA) (En,Fr,De)",0,,"nointro,retroachievements"
575,Mega Man Battle Network,Official,49,3,local,3,"Megaman - Battle Network (Europe),Mega Man - Battle Network (USA)",8,"Megaman - Battle Network (Europe),Mega Man - Battle Network (USA)",0,,"nointro,retroachievements"
580,The Legend of Zelda: A Link to the Past & Four Swords,Official,62,4,local,4,"Legend of Zelda, The - A Link to the Past & Four Swords (USA),Zelda no Densetsu - Kamigami no Triforce & 4tsu no Tsurugi (Japan),Legend of Zelda, The - A Link to the Past & Four Swords (Europe) (En,Fr,De,Es,It)",12,"Legend of Zelda, The - A Link to the Past & Four Swords (USA),Zelda no Densetsu - Kamigami no Triforce & 4tsu no Tsurugi (Japan),Legend of Zelda, The - A Link to the Past & Four Swords (Europe) (En,Fr,De,Es,It)",0,,"nointro,retroachievements"
625,Mega Man Zero 3,Official,53,5,local,5,"Megaman Zero 3 (Europe),Mega Man Zero 3 (USA)",8,"Megaman Zero 3 (Europe),Mega Man Zero 3 (USA)",0,,"nointro,retroachievements"
651,Worms World Party,Official,22,2,local,2,"Worms - World Party (Europe) (En,Fr,De,Es,It),Worms - World Party (USA) (En,Fr,De,Es,It)",8,"Worms - World Party (Europe) (En,Fr,De,Es,It),Worms - World Party (USA) (En,Fr,De,Es,It)",0,,"nointro,retroachievements"
668,Pokémon Emerald Version,Official,197,8,local,8,"Pokemon - Version Emeraude (France),Pokemon - Emerald Version (USA, Europe),Pokemon - Edicion Esmeralda (Spain),Pokemon - Versione Smeraldo (Italy),Pokemon - Smaragd-Edition (Germany)",20,"Pokemon - Version Emeraude (France),Pokemon - Emerald Version (USA, Europe),Pokemon - Edicion Esmeralda (Spain),Pokemon - Versione Smeraldo (Italy),Pokemon - Smaragd-Edition (Germany)",0,,"nointro,retroachievements"
677,Mother 3,Official,132,5,local,5,Mother 3 (Japan),4,Mother 3 (Japan),0,,"nointro,retroachievements"
744,Banjo-Kazooie: Grunty's Revenge,Official,45,2,local,2,"Banjo-Kazooie - Grunty's Revenge (Europe) (En,Fr,De),Banjo-Kazooie - La Venganza de Grunty (Spain)",8,"Banjo-Kazooie - Grunty's Revenge (Europe) (En,Fr,De),Banjo-Kazooie - La Venganza de Grunty (Spain)",0,,"nointro,retroachievements"
745,Castlevania: Circle of the Moon,Official,109,4,local,4,"Castlevania - Circle of the Moon (USA),Akumajou Dracula - Circle of the Moon (Japan),Castlevania (Europe)",12,"Castlevania - Circle of the Moon (USA),Akumajou Dracula - Circle of the Moon (Japan),Castlevania (Europe)",0,,"nointro,retroachievements"
748,Classic NES Series: The Legend of Zelda,Official,97,2,local,2,"Classic NES Series - The Legend of Zelda (USA, Europe)",4,"Classic NES Series - The Legend of Zelda (USA, Europe)",1,"Classic NES Series - The Legend of Zelda (USA, Europe)","nointro,retroachievements"
749,Classic NES Series: Zelda II: The Adventure of Link,Official,29,2,local,2,"Classic NES Series - Zelda II - The Adventure of Link (USA, Europe)",4,"Classic NES Series - Zelda II - The Adventure of Link (USA, Europe)",1,"Classic NES Series - Zelda II - The Adventure of Link (USA, Europe)","nointro,retroachievements"
750,Donkey Kong Country,Official,80,4,local,4,"Donkey Kong Country (USA),Donkey Kong Country (Europe) (En,Fr,De,Es,It)",8,"Donkey Kong Country (USA),Donkey Kong Country (Europe) (En,Fr,De,Es,It)",0,,"nointro,retroachievements"
751,Donkey Kong Country 2,Official,80,2,local,2,"Donkey Kong Country 2 (Europe) (En,Fr,De,Es,It),Donkey Kong Country 2 (USA)",8,"Donkey Kong Country 2 (Europe) (En,Fr,De,Es,It),Donkey Kong Country 2 (USA)",0,,"nointro,retroachievements"
752,Donkey Kong Country 3,Official,27,3,local,3,"Super Donkey Kong 3 (Japan),Donkey Kong Country 3 (Europe) (En,Fr,De,Es,It),Donkey Kong Country 3 (USA)",12,"Super Donkey Kong 3 (Japan),Donkey Kong Country 3 (Europe) (En,Fr,De,Es,It),Donkey Kong Country 3 (USA)",0,,"nointro,retroachievements"
753,Dragon Ball GT: Transformation,Official,37,1,local,1,,0,,0,,retroachievements
754,Dragon Ball Z: Buu's Fury,Official,59,2,local,2,Dragon Ball Z - Buu's Fury (USA),4,Dragon Ball Z - Buu's Fury (USA),0,,"nointro,retroachievements"
755,Dragon Ball Z: Collectible Card Game,Official,79,1,local,1,Dragon Ball Z - Collectible Card Game (USA),4,Dragon Ball Z - Collectible Card Game (USA),0,,"nointro,retroachievements"
756,Dragon Ball Z: Supersonic Warriors,Official,57,1,local,1,Dragon Ball Z - Supersonic Warriors (USA),4,Dragon Ball Z - Supersonic Warriors (USA),0,,"nointro,retroachievements"
757,Dragon Ball Z: Taiketsu,Official,31,1,local,1,Dragon Ball Z - Taiketsu (USA),4,Dragon Ball Z - Taiketsu (USA),0,,"nointro,retroachievements"
758,Dragon Ball Z: The Legacy of Goku,Official,39,2,local,2,"Dragon Ball Z - The Legacy of Goku (USA),Dragon Ball Z - The Legacy of Goku (Europe) (En,Fr,De,Es,It)",8,"Dragon Ball Z - The Legacy of Goku (USA),Dragon Ball Z - The Legacy of Goku (Europe) (En,Fr,De,Es,It)",0,,"nointro,retroachievements"
759,Dragon Ball Z: The Legacy of Goku II,Official,57,2,local,2,"Dragon Ball Z - The Legacy of Goku II (USA),Dragon Ball Z - The Legacy of Goku II International (Japan)",8,"Dragon Ball Z - The Legacy of Goku II (USA),Dragon Ball Z - The Legacy of Goku II International (Japan)",0,,"nointro,retroachievements"
760,Drill Dozer,Official,56,2,local,2,"Drill Dozer (USA),Drill Dozer (Europe) (En,Fr,De,Es,It) (Virtual Console)",8,"Drill Dozer (USA),Drill Dozer (Europe) (En,Fr,De,Es,It) (Virtual Console)",0,,"nointro,retroachievements"
761,Earthworm Jim,Official,59,1,local,1,"Earthworm Jim (USA, Europe)",4,"Earthworm Jim (USA, Europe)",0,,"nointro,retroachievements"
762,Final Fantasy I & II: Dawn of Souls,Official,69,1,local,1,Final Fantasy I & II - Dawn of Souls (USA),4,Final Fantasy I & II - Dawn of Souls (USA),0,,"nointro,retroachievements"
763,Final Fantasy IV: Advance,Official,95,1,local,1,Final Fantasy IV Advance (USA),4,Final Fantasy IV Advance (USA),0,,"nointro,retroachievements"
764,Final Fantasy V: Advance,Official,172,2,local,2,Final Fantasy V Advance (USA),4,Final Fantasy V Advance (USA),0,,"nointro,retroachievements"
765,Final Fantasy VI: Advance,Official,85,3,local,3,"Final Fantasy VI Advance (Europe) (En,Fr,De,Es,It)",4,"Final Fantasy VI Advance (Europe) (En,Fr,De,Es,It)",0,,"nointro,retroachievements"
766,Game & Watch Gallery 4,Official,67,1,local,1,Game & Watch Gallery 4 (USA),4,Game & Watch Gallery 4 (USA),0,,"nointro,retroachievements"
767,Golden Sun,Official,60,8,local,8,"Golden Sun (USA, Europe),Golden Sun (Italy),Golden Sun (Spain),Golden Sun (France),Ougon no Taiyou - Hirakareshi Fuuin (Japan),Golden Sun (Germany)",24,"Golden Sun (USA, Europe),Golden Sun (Italy),Golden Sun (Spain),Golden Sun (France),Ougon no Taiyou - Hirakareshi Fuuin (Japan),Golden Sun (Germany)",0,,"nointro,retroachievements"
768,Kingdom Hearts: Chain of Memories,Official,90,1,local,1,"Kingdom Hearts - Chain of Memories (Europe) (En,Fr,De,Es,It)",4,"Kingdom Hearts - Chain of Memories (Europe) (En,Fr,De,Es,It)",0,,"nointro,retroachievements"
769,Kirby & The Amazing Mirror,Official,54,1,local,1,Kirby & The Amazing Mirror (USA),4,Kirby & The Amazing Mirror (USA),0,,"nointro,retroachievements"
770,Kirby: Nightmare in Dream Land,Official,70,1,local,1,Kirby - Nightmare in Dream Land (USA),4,Kirby - Nightmare in Dream Land (USA),0,,"nointro,retroachievements"
771,Mario & Luigi: Superstar Saga,Official,85,5,local,5,"Mario & Luigi - Superstar Saga (Europe) (En,Fr,De,Es,It),Mario & Luigi - Superstar Saga (USA)",8,"Mario & Luigi - Superstar Saga (Europe) (En,Fr,De,Es,It),Mario & Luigi - Superstar Saga (USA)",0,,"nointro,retroachievements"
773,Mega Man Battle Network 2,Official,80,3,local,3,,0,,0,,retroachievements
774,Mega Man Battle Network 3: Blue Version,Official,79,2,local,2,"Mega Man - Battle Network 3 - Blue Version (USA),Megaman - Battle Network 3 - Blue Version (Europe)",8,"Mega Man - Battle Network 3 - Blue Version (USA),Megaman - Battle Network 3 - Blue Version (Europe)",0,,"nointro,retroachievements"
775,Mega Man Battle Network 3: White Version,Official,89,2,local,1,Mega Man - Battle Network 3 - White Version (USA),4,Mega Man - Battle Network 3 - White Version (USA),0,,"nointro,retroachievements"
776,Mega Man Battle Network 4: Blue Moon,Official,55,3,local,3,"Megaman - Battle Network 4 - Blue Moon (Europe),Mega Man - Battle Network 4 - Blue Moon (USA)",8,"Megaman - Battle Network 4 - Blue Moon (Europe),Mega Man - Battle Network 4 - Blue Moon (USA)",0,,"nointro,retroachievements"
777,Mega Man Battle Network 4: Red Sun,Official,44,1,local,1,Mega Man - Battle Network 4 - Red Sun (USA),4,Mega Man - Battle Network 4 - Red Sun (USA),0,,"nointro,retroachievements"
778,Mega Man Battle Network 5: Team Colonel,Official,141,2,local,2,"Mega Man - Battle Network 5 - Team Colonel (USA) (Virtual Console),Megaman - Battle Network 5 - Team Colonel (Europe) (Virtual Console)",8,"Mega Man - Battle Network 5 - Team Colonel (USA) (Virtual Console),Megaman - Battle Network 5 - Team Colonel (Europe) (Virtual Console)",0,,nointro
779,Mega Man Battle Network 5: Team Protoman,Official,88,2,local,2,"Mega Man - Battle Network 5 - Team Protoman (USA),Megaman - Battle Network 5 - Team Protoman (Europe)",8,"Mega Man - Battle Network 5 - Team Protoman (USA),Megaman - Battle Network 5 - Team Protoman (Europe)",0,,"nointro,retroachievements"
780,Mega Man Battle Network 6: Cybeast Falzar,Official,57,2,local,2,"Mega Man - Battle Network 6 - Cybeast Falzar (USA),Megaman - Battle Network 6 - Cybeast Falzar (Europe)",8,"Mega Man - Battle Network 6 - Cybeast Falzar (USA),Megaman - Battle Network 6 - Cybeast Falzar (Europe)",0,,"nointro,retroachievements"
781,Mega Man Battle Network 6: Cybeast Gregar,Official,49,2,local,2,,0,,0,,retroachievements
782,Mega Man Zero,Official,44,5,local,5,"Mega Man Zero (USA, Europe)",4,"Mega Man Zero (USA, Europe)",0,,"nointro,retroachievements"
783,Mega Man Zero 2,Official,45,7,local,7,"Mega Man Zero 2 (USA),Rockman Zero 2 (Japan),Megaman Zero 2 (Europe),Mega Man Zero 2 (USA) (Virtual Console)",16,"Mega Man Zero 2 (USA),Rockman Zero 2 (Japan),Megaman Zero 2 (Europe),Mega Man Zero 2 (USA) (Virtual Console)",0,,"nointro,retroachievements"
784,Mega Man Zero 4,Official,52,3,local,3,"Mega Man Zero 4 (USA),Megaman Zero 4 (Europe)",8,"Mega Man Zero 4 (USA),Megaman Zero 4 (Europe)",0,,"nointro,retroachievements"
785,Metroid Fusion,Official,43,6,local,6,"Metroid Fusion (USA),Metroid Fusion (Europe) (En,Fr,De,Es,It)",8,"Metroid Fusion (USA),Metroid Fusion (Europe) (En,Fr,De,Es,It)",0,,"nointro,retroachievements"
786,Mobile Suit Gundam Seed: Battle Assault,Official,40,1,local,1,Mobile Suit Gundam SEED - Battle Assault (USA),4,Mobile Suit Gundam SEED - Battle Assault (USA),0,,"nointro,retroachievements"
787,Naruto: Ninja Council,Official,44,2,local,2,Naruto - Ninja Council (USA),4,Naruto - Ninja Council (USA),0,,"nointro,retroachievements"
788,Pokémon LeafGreen Version,Official,128,3,local,3,"Pokemon - LeafGreen Version (USA, Europe),Pokemon - LeafGreen Version (USA, Europe) (Rev 1)",8,"Pokemon - LeafGreen Version (USA, Europe),Pokemon - LeafGreen Version (USA, Europe) (Rev 1)",0,,"nointro,retroachievements"
789,Pokémon Pinball: Ruby & Sapphire,Official,54,1,local,1,Pokemon Pinball - Ruby & Sapphire (USA),4,Pokemon Pinball - Ruby & Sapphire (USA),0,,"nointro,retroachievements"
790,Pokémon Ruby Version,Official,49,10,local,10,"Pocket Monsters - Ruby (Japan),Pokemon - Version Rubis (France),Pokemon - Ruby Version (USA, Europe) (Rev 2),Pokemon - Ruby Version (USA, Europe),Pokemon - Edicion Rubi (Spain) (Rev 1),Pokemon - Rubin-Edition (Germany) (Rev 1),Pokemon - Version Rubis (France) (Rev 1),Pokemon - Ruby Version (USA, Europe) (Rev 1)",32,"Pocket Monsters - Ruby (Japan),Pokemon - Version Rubis (France),Pokemon - Ruby Version (USA, Europe) (Rev 2),Pokemon - Ruby Version (USA, Europe),Pokemon - Edicion Rubi (Spain) (Rev 1),Pokemon - Rubin-Edition (Germany) (Rev 1),Pokemon - Version Rubis (France) (Rev 1),Pokemon - Ruby Version (USA, Europe) (Rev 1)",0,,"nointro,retroachievements"
791,Pokémon Sapphire Version,Official,49,10,local,10,"Pokemon - Version Saphir (France),Pocket Monsters - Sapphire (Japan),Pokemon - Sapphire Version (USA, Europe) (Rev 2),Pokemon - Saphir-Edition (Germany) (Rev 1),Pokemon - Version Saphir (France) (Rev 1),Pokemon - Sapphire Version (USA, Europe)",24,"Pokemon - Version Saphir (France),Pocket Monsters - Sapphire (Japan),Pokemon - Sapphire Version (USA, Europe) (Rev 2),Pokemon - Saphir-Edition (Germany) (Rev 1),Pokemon - Version Saphir (France) (Rev 1),Pokemon - Sapphire Version (USA, Europe)",2,"Pokemon - Sapphire Version (USA, Europe) (Rev 1),Pokemon - Edicion Zafiro (Spain)","nointro,retroachievements"
792,Snood,Official,11,2,local,2,"Snood (USA),Snood (Europe) (En,Fr,De,Es,It)",8,"Snood (USA),Snood (Europe) (En,Fr,De,Es,It)",0,,"nointro,retroachievements"
793,Sonic Advance,Official,58,2,local,2,"Sonic Advance (USA) (En,Ja)",4,"Sonic Advance (USA) (En,Ja)",0,,"nointro,retroachievements"
794,Sonic Advance 3,Official,63,3,local,3,"Sonic Advance 3 (USA) (En,Ja,Fr,De,Es,It),Sonic Advance 3 (Europe) (En,Ja,Fr,De,Es,It)",8,"Sonic Advance 3 (USA) (En,Ja,Fr,De,Es,It),Sonic Advance 3 (Europe) (En,Ja,Fr,De,Es,It)",0,,"nointro,retroachievements"
796,Spyro 2: Season of Flame,Official,46,3,local,3,"Spyro 2 - Season of Flame (USA),Spyro 2 - Season of Flame (Europe) (En,Fr,De,Es,It)",8,"Spyro 2 - Season of Flame (USA),Spyro 2 - Season of Flame (Europe) (En,Fr,De,Es,It)",0,,"nointro,retroachievements"
798,Tony Hawk's Pro Skater 3,Official,50,1,local,1,"Tony Hawk's Pro Skater 3 (USA, Europe)",4,"Tony Hawk's Pro Skater 3 (USA, Europe)",0,,"nointro,retroachievements"
800,Wario Land 4,Official,66,4,local,3,"Wario Land 4 (USA, Europe)",4,"Wario Land 4 (USA, Europe)",0,,"nointro,retroachievements"
801,WarioWare: Twisted!,Official,50,4,local,4,"WarioWare - Twisted! (USA, Australia),Mawaru - Made in Wario (Japan)",8,"WarioWare - Twisted! (USA, Australia),Mawaru - Made in Wario (Japan)",0,,"nointro,retroachievements"
802,"WarioWare, Inc.: Mega Microgame$!",Official,47,2,local,2,"WarioWare, Inc. - Minigame Mania (Europe) (En,Fr,De,Es,It),WarioWare, Inc. - Mega Microgame$! (USA)",8,"WarioWare, Inc. - Minigame Mania (Europe) (En,Fr,De,Es,It),WarioWare, Inc. - Mega Microgame$! (USA)",0,,"nointro,retroachievements"
808,Street Fighter Alpha 3,Official,51,3,local,3,"Street Fighter Alpha 3 (Europe),Street Fighter Alpha 3 (USA),Street Fighter Zero 3 Upper (Japan)",12,"Street Fighter Alpha 3 (Europe),Street Fighter Alpha 3 (USA),Street Fighter Zero 3 Upper (Japan)",0,,"nointro,retroachievements"
1376,Dragon Ball: Advanced Adventure,Official,44,1,local,1,"Dragon Ball - Advanced Adventure (Europe) (En,Fr,De,Es,It)",4,"Dragon Ball - Advanced Adventure (Europe) (En,Fr,De,Es,It)",0,,"nointro,retroachievements"
1416,Grand Theft Auto Advance,Official,41,2,local,2,"Grand Theft Auto (USA),Grand Theft Auto (Europe) (En,Fr,De,Es,It)",8,"Grand Theft Auto (USA),Grand Theft Auto (Europe) (En,Fr,De,Es,It)",0,,"nointro,retroachievements"
1420,Super Ghouls 'n Ghosts,Official,60,1,local,1,"Super Ghouls'n Ghosts (USA, Europe)",4,"Super Ghouls'n Ghosts (USA, Europe)",0,,"nointro,retroachievements"
2138,Double Dragon Advance,Official,53,1,local,1,Double Dragon Advance (USA),4,Double Dragon Advance (USA),0,,"nointro,retroachievements"
2155,TMNT,Official,38,2,local,2,"TMNT - Teenage Mutant Ninja Turtles (Europe) (En,Fr,De,Es,It),TMNT (USA) (En,Fr,Es)",8,"TMNT - Teenage Mutant Ninja Turtles (Europe) (En,Fr,De,Es,It),TMNT (USA) (En,Fr,Es)",0,,"nointro,retroachievements"
2161,Shrek: Hassle at the Castle,Official,58,3,local,3,"Shrek - Hassle at the Castle (Europe) (En,Fr,De,Es,It,Nl),Shrek - Hassle at the Castle (USA) (En,Fr,De,Es,It,Nl)",8,"Shrek - Hassle at the Castle (Europe) (En,Fr,De,Es,It,Nl),Shrek - Hassle at the Castle (USA) (En,Fr,De,Es,It,Nl)",0,,"nointro,retroachievements"
2169,Tekken Advance,Official,21,3,local,3,"Tekken Advance (USA),Tekken Advance (Europe)",8,"Tekken Advance (USA),Tekken Advance (Europe)",0,,"nointro,retroachievements"
2170,Bleach Advance: Kurenai ni Somaru Soul Society,Official,40,1,local,1,Bleach Advance - Kurenai ni Somaru Soul Society (Japan),4,Bleach Advance - Kurenai ni Somaru Soul Society (Japan),0,,"nointro,retroachievements"
2171,Mario Tennis: Power Tour,Official,50,3,local,3,"Mario Tennis - Power Tour (USA, Australia) (En,Fr,De,Es,It),Mario Tennis Advance (Japan),Mario Power Tennis (Europe) (En,Fr,De,Es,It)",12,"Mario Tennis - Power Tour (USA, Australia) (En,Fr,De,Es,It),Mario Tennis Advance (Japan),Mario Power Tennis (Europe) (En,Fr,De,Es,It)",0,,"nointro,retroachievements"
2172,Mortal Kombat: Deadly Alliance,Official,57,1,local,1,"Mortal Kombat - Deadly Alliance (Europe) (En,Fr,De,Es,It)",4,"Mortal Kombat - Deadly Alliance (Europe) (En,Fr,De,Es,It)",0,,"nointro,retroachievements"
2179,Mega Man & Bass,Official,74,1,local,1,Mega Man & Bass (USA),4,Mega Man & Bass (USA),0,,"nointro,retroachievements"
2188,Sonic Battle,Official,30,4,local,4,"Sonic Battle (USA) (En,Ja,Fr,De,Es,It),Sonic Battle (Japan) (En,Ja),Sonic Battle (Europe) (En,Ja,Fr,De,Es,It)",12,"Sonic Battle (USA) (En,Ja,Fr,De,Es,It),Sonic Battle (Japan) (En,Ja),Sonic Battle (Europe) (En,Ja,Fr,De,Es,It)",0,,"nointro,retroachievements"
2190,Yu-Gi-Oh! GX: Duel Academy,Official,41,1,local,1,Yu-Gi-Oh! GX - Duel Academy (Europe),4,Yu-Gi-Oh! GX - Duel Academy (Europe),0,,"nointro,retroachievements"
2203,Astro Boy: Omega Factor,Official,66,3,local,3,"Astro Boy - Tetsuwan Atom - Atom Heart no Himitsu (Japan),Astro Boy - Omega Factor (Europe) (En,Ja,Fr,De,Es,It),Astro Boy - Omega Factor (USA) (En,Ja,Fr,De,Es,It)",12,"Astro Boy - Tetsuwan Atom - Atom Heart no Himitsu (Japan),Astro Boy - Omega Factor (Europe) (En,Ja,Fr,De,Es,It),Astro Boy - Omega Factor (USA) (En,Ja,Fr,De,Es,It)",0,,"nointro,retroachievements"
2224,~Hack~ Pokémon DarkViolet Version,Hack,55,2,local,1,,0,,0,,retroachievements
2346,Spirits & Spells,Official,60,3,local,3,"Mahou no Pumpkin - Ann to Greg no Daibouken (Japan),Spirits & Spells (USA),Castleween (Europe) (En,Fr,De,Es,It)",12,"Mahou no Pumpkin - Ann to Greg no Daibouken (Japan),Spirits & Spells (USA),Castleween (Europe) (En,Fr,De,Es,It)",0,,"nointro,retroachievements"
2353,Castlevania: Harmony of Dissonance,Official,93,4,local,4,"Castlevania - Harmony of Dissonance (Europe),Castlevania - Harmony of Dissonance (USA)",8,"Castlevania - Harmony of Dissonance (Europe),Castlevania - Harmony of Dissonance (USA)",0,,"nointro,retroachievements"
2412,Yu-Gi-Oh! Worldwide Edition: Stairway to the Destined Duel,Official,79,4,local,4,"Yu-Gi-Oh! - Worldwide Edition - Stairway to the Destined Duel (Europe) (En,Ja,Fr,De,Es,It),Yu-Gi-Oh! - Worldwide Edition - Stairway to the Destined Duel (USA) (En,Ja,Fr,De,Es,It),Yu-Gi-Oh! Duel Monsters International - Worldwide Edition (Japan) (En,Ja,Fr,De,Es,It),Yu-Gi-Oh! Duel Monsters International - Worldwide Edition (Japan) (En,Ja,Fr,De,Es,It) (Rev 1)",16,"Yu-Gi-Oh! - Worldwide Edition - Stairway to the Destined Duel (Europe) (En,Ja,Fr,De,Es,It),Yu-Gi-Oh! - Worldwide Edition - Stairway to the Destined Duel (USA) (En,Ja,Fr,De,Es,It),Yu-Gi-Oh! Duel Monsters International - Worldwide Edition (Japan) (En,Ja,Fr,De,Es,It),Yu-Gi-Oh! Duel Monsters International - Worldwide Edition (Japan) (En,Ja,Fr,De,Es,It) (Rev 1)",0,,"nointro,retroachievements"
2424,Contra Advance: The Alien Wars EX,Official,19,6,local,6,"Contra Advance - The Alien Wars EX (USA),Contra Advance - The Alien Wars EX (Europe),Contra Hard Spirits (Japan) (En)",12,"Contra Advance - The Alien Wars EX (USA),Contra Advance - The Alien Wars EX (Europe),Contra Hard Spirits (Japan) (En)",0,,"nointro,retroachievements"
2427,Mortal Kombat: Tournament Edition,Official,30,1,local,1,"Mortal Kombat - Tournament Edition (USA) (En,Fr,De,Es,It)",4,"Mortal Kombat - Tournament Edition (USA) (En,Fr,De,Es,It)",0,,"nointro,retroachievements"
2428,Batman: Vengeance,Official,28,2,local,2,"Batman - Vengeance (USA) (En,Fr,Es),Batman - Vengeance (Europe) (En,Fr,De,Es,It,Nl)",8,"Batman - Vengeance (USA) (En,Fr,Es),Batman - Vengeance (Europe) (En,Fr,De,Es,It,Nl)",0,,nointro
2430,Breath of Fire 2,Official,126,1,local,1,Breath of Fire II (USA),4,Breath of Fire II (USA),0,,"nointro,retroachievements"
2445,Mario Pinball Land,Official,68,2,local,2,"Mario Pinball Land (USA, Australia),Super Mario Ball (Europe)",8,"Mario Pinball Land (USA, Australia),Super Mario Ball (Europe)",0,,"nointro,retroachievements"
2481,Santa Claus Saves the Earth,Official,22,1,local,1,Santa Claus Saves the Earth (Europe),4,Santa Claus Saves the Earth (Europe),0,,"nointro,retroachievements"
2482,Fire Emblem: The Sacred Stones,Official,114,1,local,1,"Fire Emblem - The Sacred Stones (Europe) (En,Fr,De,Es,It)",4,"Fire Emblem - The Sacred Stones (Europe) (En,Fr,De,Es,It)",0,,"nointro,retroachievements"
2506,Teenage Mutant Ninja Turtles,Official,29,1,local,1,"Teenage Mutant Ninja Turtles (Europe) (En,Fr,De,Es,It)",4,"Teenage Mutant Ninja Turtles (Europe) (En,Fr,De,Es,It)",0,,"nointro,retroachievements"
2507,Teen Titans 2: The Brotherhood's Revenge,Official,33,1,local,1,"Teen Titans 2 (USA) (En,Fr)",4,"Teen Titans 2 (USA) (En,Fr)",0,,"nointro,retroachievements"
2509,River City Ransom EX,Official,49,1,local,1,River City Ransom EX (USA),4,River City Ransom EX (USA),0,,"nointro,retroachievements"
2518,Zone of the Enders: The Fist of Mars,Official,59,1,local,1,"Zone of the Enders - The Fist of Mars (Europe) (En,Fr,De)",4,"Zone of the Enders - The Fist of Mars (Europe) (En,Fr,De)",0,,"nointro,retroachievements"
2520,It's Mr Pants,Official,56,1,local,1,"It's Mr. Pants (USA, Europe)",4,"It's Mr. Pants (USA, Europe)",0,,"nointro,retroachievements"
2524,Frogger's Adventures 2: The Lost Wand,Official,39,2,local,2,"Frogger's Adventures 2 - The Lost Wand (USA) (En,Es),Frogger's Adventures 2 - The Lost Wand (Europe) (En,Fr,De,Es,It)",8,"Frogger's Adventures 2 - The Lost Wand (USA) (En,Es),Frogger's Adventures 2 - The Lost Wand (Europe) (En,Fr,De,Es,It)",0,,"nointro,retroachievements"
2527,Driver 2 Advance,Official,22,1,local,1,Driver 2 Advance (USA),4,Driver 2 Advance (USA),0,,"nointro,retroachievements"
2530,Sega Rally Championship,Official,16,1,local,1,SEGA Rally Championship (USA),4,SEGA Rally Championship (USA),0,,"nointro,retroachievements"
2531,Doom II,Official,52,1,local,1,Doom II (USA),4,Doom II (USA),0,,"nointro,retroachievements"
2532,Pac-Man World,Official,38,2,local,2,"Pac-Man World (USA),Pac-Man World (Europe) (En,Fr,De,Es,It)",8,"Pac-Man World (USA),Pac-Man World (Europe) (En,Fr,De,Es,It)",0,,"nointro,retroachievements"
2537,Piglet's Big Game,Official,33,1,local,1,Piglet's Big Game (USA),4,Piglet's Big Game (USA),0,,"nointro,retroachievements"
2538,Rayman: Raving Rabbids,Official,57,1,local,1,"Rayman - Raving Rabbids (Europe) (En,Fr,De,Es,It,Nl)",4,"Rayman - Raving Rabbids (Europe) (En,Fr,De,Es,It,Nl)",0,,"nointro,retroachievements"
2540,The Simpsons: Road Rage,Official,36,1,local,1,"Simpsons, The - Road Rage (USA, Europe)",4,"Simpsons, The - Road Rage (USA, Europe)",0,,"nointro,retroachievements"
2543,Konami Krazy Racers,Official,68,2,local,2,"Konami Krazy Racers (USA),Konami Krazy Racers (Europe)",8,"Konami Krazy Racers (USA),Konami Krazy Racers (Europe)",0,,"nointro,retroachievements"
2578,~Homebrew~ Pocket Meat,Homebrew,13,1,local,1,Pocket Meat (World) (Proto) (Aftermarket) (Unl),4,Pocket Meat (World) (Proto) (Aftermarket) (Unl),0,,"nointro,retroachievements"
2585,Super Street Fighter II Turbo Revival,Official,36,4,local,4,"Super Street Fighter II Turbo - Revival (USA),Super Street Fighter II Turbo - Revival (Europe),Super Street Fighter II X - Revival (Japan)",12,"Super Street Fighter II Turbo - Revival (USA),Super Street Fighter II Turbo - Revival (Europe),Super Street Fighter II X - Revival (Japan)",0,,"nointro,retroachievements"
2587,Super Monkey Ball Jr.,Official,35,1,local,1,"Super Monkey Ball Jr. (Europe) (En,Fr,De,Es,It)",4,"Super Monkey Ball Jr. (Europe) (En,Fr,De,Es,It)",0,,"nointro,retroachievements"
2588,Summon Night: Swordcraft Story,Official,36,1,local,1,Summon Night - Swordcraft Story (USA),4,Summon Night - Swordcraft Story (USA),0,,"nointro,retroachievements"
2589,Summon Night: Swordcraft Story 2,Official,81,1,local,1,Summon Night - Swordcraft Story 2 (USA),4,Summon Night - Swordcraft Story 2 (USA),0,,"nointro,retroachievements"
2590,Stuntman,Official,34,2,local,2,"Stuntman (USA) (En,Fr,Es),Stuntman (Europe) (En,Fr,De,Es,It)",8,"Stuntman (USA) (En,Fr,Es),Stuntman (Europe) (En,Fr,De,Es,It)",0,,"nointro,retroachievements"
2591,Global Star: Sudoku Fever,Official,33,1,local,1,"Global Star - Sudoku Fever (Europe) (En,Fr,De,Es,It)",4,"Global Star - Sudoku Fever (Europe) (En,Fr,De,Es,It)",0,,"nointro,retroachievements"
2592,Golden Sun: The Lost Age,Official,97,7,local,6,"Golden Sun - La Edad Perdida (Spain),Golden Sun - Die Vergessene Epoche (Germany),Golden Sun - The Lost Age (USA, Europe),Golden Sun - L'Age Perdu (France),Ougon no Taiyou - Ushinawareshi Toki (Japan),Golden Sun - L'Era Perduta (Italy)",24,"Golden Sun - La Edad Perdida (Spain),Golden Sun - Die Vergessene Epoche (Germany),Golden Sun - The Lost Age (USA, Europe),Golden Sun - L'Age Perdu (France),Ougon no Taiyou - Ushinawareshi Toki (Japan),Golden Sun - L'Era Perduta (Italy)",0,,"nointro,retroachievements"
2593,Advance Wars 2: Black Hole Rising,Official,72,1,local,1,Advance Wars 2 - Black Hole Rising (USA),4,Advance Wars 2 - Black Hole Rising (USA),0,,"nointro,retroachievements"
2595,Mother 1+2,Official,180,4,local,4,Mother 1+2 (Japan),4,Mother 1+2 (Japan),0,,"nointro,retroachievements"
2597,My Little Pony: Crystal Princess - The Runaway Rainbow,Official,17,1,local,1,My Little Pony - Crystal Princess - The Runaway Rainbow (USA),4,My Little Pony - Crystal Princess - The Runaway Rainbow (USA),0,,"nointro,retroachievements"
2598,One Piece,Official,38,1,local,1,One Piece (USA),4,One Piece (USA),0,,"nointro,retroachievements"
2816,Pokémon Mystery Dungeon: Red Rescue Team,Official,128,4,local,4,"Pokemon Mystery Dungeon - Red Rescue Team (USA, Australia)",4,"Pokemon Mystery Dungeon - Red Rescue Team (USA, Australia)",0,,"nointro,retroachievements"
3201,Classic NES Series: Super Mario Bros.,Official,32,4,local,4,"Classic NES Series - Super Mario Bros. (USA, Europe),Famicom Mini 01 - Super Mario Bros. (Japan) (En) (Rev 1)",8,"Classic NES Series - Super Mario Bros. (USA, Europe),Famicom Mini 01 - Super Mario Bros. (Japan) (En) (Rev 1)",2,"Classic NES Series - Super Mario Bros. (USA, Europe),Famicom Mini 01 - Super Mario Bros. (Japan) (En) (Rev 1)","nointro,retroachievements"
3618,Crash Bandicoot Purple: Ripto's Rampage,Official,57,4,local,4,"Crash Bandicoot Fusion (Europe) (En,Fr,De,Es,It),Crash Bandicoot Purple - Ripto's Rampage (USA) (Rev 1),Crash Bandicoot Purple - Ripto's Rampage (USA)",12,"Crash Bandicoot Fusion (Europe) (En,Fr,De,Es,It),Crash Bandicoot Purple - Ripto's Rampage (USA) (Rev 1),Crash Bandicoot Purple - Ripto's Rampage (USA)",0,,"nointro,retroachievements"
3620,Mighty Beanz: Pocket Puzzles,Official,54,1,local,1,Mighty Beanz - Pocket Puzzles (USA),4,Mighty Beanz - Pocket Puzzles (USA),0,,nointro
3652,Densetsu no Stafy 2,Official,65,1,local,1,Densetsu no Stafy 2 (Japan),4,Densetsu no Stafy 2 (Japan),0,,"nointro,retroachievements"
3653,Klonoa: Empire of Dreams,Official,15,2,local,2,"Klonoa - Empire of Dreams (Europe),Kaze no Klonoa - Yumemiru Teikoku (Japan)",8,"Klonoa - Empire of Dreams (Europe),Kaze no Klonoa - Yumemiru Teikoku (Japan)",0,,"nointro,retroachievements"
3681,Lady Sia,Official,57,2,local,2,"Lady Sia (USA) (En,Fr,De,Es,It,Nl),Lady Sia (Europe) (En,Fr,De,Es,It,Nl)",8,"Lady Sia (USA) (En,Fr,De,Es,It,Nl),Lady Sia (Europe) (En,Fr,De,Es,It,Nl)",0,,"nointro,retroachievements"
3700,Who Wants to Be a Millionaire,Official,6,1,local,1,Who Wants to Be a Millionaire (Europe),4,Who Wants to Be a Millionaire (Europe),0,,"nointro,retroachievements"
3701,Duke Nukem Advance,Official,62,3,local,3,"Duke Nukem Advance (Europe) (En,Fr,De,It),Duke Nukem Advance (USA)",8,"Duke Nukem Advance (Europe) (En,Fr,De,It),Duke Nukem Advance (USA)",0,,"nointro,retroachievements"
3702,Ballistic: Ecks vs. Sever,Official,62,2,local,2,"Ecks vs. Sever II - Ballistic (Europe) (En,Fr,De,Es,It),Ballistic - Ecks vs. Sever (USA)",8,"Ecks vs. Sever II - Ballistic (Europe) (En,Fr,De,Es,It),Ballistic - Ecks vs. Sever (USA)",0,,"nointro,retroachievements"
3703,Kid's Cards,Official,28,1,local,1,Kid's Cards (USA),4,Kid's Cards (USA),0,,"nointro,retroachievements"
3706,Final Fight One,Official,28,2,local,2,"Final Fight One (USA),Final Fight One (Europe)",8,"Final Fight One (USA),Final Fight One (Europe)",0,,"nointro,retroachievements"
4033,Rhythm Tengoku,Official,36,5,local,5,"Rhythm Tengoku (Japan) (Rev 1),Rhythm Tengoku (Japan)",8,"Rhythm Tengoku (Japan) (Rev 1),Rhythm Tengoku (Japan)",0,,"nointro,retroachievements"
4050,ChuChu Rocket!,Official,145,1,local,1,"ChuChu Rocket! (USA) (En,Ja,Fr,De,Es)",4,"ChuChu Rocket! (USA) (En,Ja,Fr,De,Es)",0,,"nointro,retroachievements"
4060,Black Belt Challenge,Official,28,1,local,1,Black Belt Challenge (Europe),4,Black Belt Challenge (Europe),0,,"nointro,retroachievements"
4061,Max Payne,Official,20,1,local,1,"Max Payne Advance (Europe) (En,Fr,De)",4,"Max Payne Advance (Europe) (En,Fr,De)",0,,"nointro,retroachievements"
4072,Banjo-Pilot,Official,111,2,local,2,"Banjo-Pilot (USA),Banjo-Pilot (Europe) (En,Fr,De,Es,It)",8,"Banjo-Pilot (USA),Banjo-Pilot (Europe) (En,Fr,De,Es,It)",0,,"nointro,retroachievements"
4073,The SpongeBob SquarePants Movie,Official,14,2,local,2,"SpongeBob SquarePants Movie, The (USA) (Beta 2),SpongeBob SquarePants Movie, The (USA)",8,"SpongeBob SquarePants Movie, The (USA) (Beta 2),SpongeBob SquarePants Movie, The (USA)",0,,"nointro,retroachievements"
4092,Shaman King: Master of Spirits 2,Official,55,3,local,3,"Shaman King - Master of Spirits 2 (USA),Shaman King - Master of Spirits 2 (Europe) (En,Fr,De)",8,"Shaman King - Master of Spirits 2 (USA),Shaman King - Master of Spirits 2 (Europe) (En,Fr,De)",0,,"nointro,retroachievements"
4106,Rayman Advance,Official,58,2,local,2,"Rayman Advance (USA) (En,Fr,De,Es,It),Rayman Advance (Europe) (En,Fr,De,Es,It)",8,"Rayman Advance (USA) (En,Fr,De,Es,It),Rayman Advance (Europe) (En,Fr,De,Es,It)",0,,"nointro,retroachievements"
4197,Harry Potter and the Chamber of Secrets,Official,30,1,local,1,"Harry Potter and the Chamber of Secrets (USA, Europe) (En,Fr,De,Es,It,Nl,Pt,Sv,No,Da)",4,"Harry Potter and the Chamber of Secrets (USA, Europe) (En,Fr,De,Es,It,Nl,Pt,Sv,No,Da)",0,,"nointro,retroachievements"
4198,Harry Potter and the Goblet of Fire,Official,27,1,local,1,"Harry Potter and the Goblet of Fire (USA, Europe) (En,Fr,De,Es,It,Nl,Da)",4,"Harry Potter and the Goblet of Fire (USA, Europe) (En,Fr,De,Es,It,Nl,Da)",0,,"nointro,retroachievements"
4200,Harry Potter and the Prisoner of Azkaban,Official,54,2,local,2,"Harry Potter and the Prisoner of Azkaban (USA, Europe) (En,Fr,De,Es,It,Nl,Da)",4,"Harry Potter and the Prisoner of Azkaban (USA, Europe) (En,Fr,De,Es,It,Nl,Da)",0,,"nointro,retroachievements"
4201,Harry Potter and the Sorcerer's Stone,Official,34,1,local,1,"Harry Potter and the Sorcerer's Stone (USA, Europe) (En,Fr,De,Es,It,Nl,Pt,Sv,No,Da)",4,"Harry Potter and the Sorcerer's Stone (USA, Europe) (En,Fr,De,Es,It,Nl,Pt,Sv,No,Da)",0,,"nointro,retroachievements"
4203,Spyro: Season of Ice,Official,35,2,local,2,"Spyro - Season of Ice (Europe) (En,Fr,De,Es,It),Spyro - Season of Ice (USA)",8,"Spyro - Season of Ice (Europe) (En,Fr,De,Es,It),Spyro - Season of Ice (USA)",0,,"nointro,retroachievements"
4204,Spyro: Attack of the Rhynocs,Official,64,2,local,2,"Spyro Adventure (Europe) (En,Fr,De,Es,It,Nl),Spyro - Attack of the Rhynocs (USA)",8,"Spyro Adventure (Europe) (En,Fr,De,Es,It,Nl),Spyro - Attack of the Rhynocs (USA)",0,,"nointro,retroachievements"
4205,Spyro Orange: The Cortex Conspiracy,Official,59,3,local,3,"Spyro Orange - The Cortex Conspiracy (USA) (Rev 1),Spyro Fusion (Europe) (En,Fr,De,Es,It),Spyro Orange - The Cortex Conspiracy (USA)",12,"Spyro Orange - The Cortex Conspiracy (USA) (Rev 1),Spyro Fusion (Europe) (En,Fr,De,Es,It),Spyro Orange - The Cortex Conspiracy (USA)",0,,"nointro,retroachievements"
4206,Sword of Mana,Official,127,2,local,1,"Sword of Mana (USA, Australia)",4,"Sword of Mana (USA, Australia)",0,,"nointro,retroachievements"
4334,Nicktoons: Freeze Frame Frenzy,Official,26,1,local,1,Nicktoons - Freeze Frame Frenzy (USA),4,Nicktoons - Freeze Frame Frenzy (USA),0,,"nointro,retroachievements"
4674,The Powerpuff Girls: Mojo Jojo A-Go-Go,Official,18,1,local,1,"Powerpuff Girls, The - Mojo Jojo A-Go-Go (USA) (En,Fr,De,Es,It,Nl)",4,"Powerpuff Girls, The - Mojo Jojo A-Go-Go (USA) (En,Fr,De,Es,It,Nl)",0,,nointro
4675,The Powerpuff Girls: Him and Seek,Official,40,1,local,1,"Powerpuff Girls, The - Him and Seek (USA)",4,"Powerpuff Girls, The - Him and Seek (USA)",0,,"nointro,retroachievements"
4690,Iridion 3D,Official,32,1,local,1,"Iridion 3D (USA, Europe)",4,"Iridion 3D (USA, Europe)",0,,"nointro,retroachievements"
4691,Iridion II,Official,120,1,local,1,"Iridion II (Europe) (En,Fr,De)",4,"Iridion II (Europe) (En,Fr,De)",0,,"nointro,retroachievements"
4692,Jackie Chan Adventures: Legend of the Dark Hand,Official,30,1,local,1,"Jackie Chan Adventures - Legend of the Dark Hand (USA, Europe)",4,"Jackie Chan Adventures - Legend of the Dark Hand (USA, Europe)",0,,"nointro,retroachievements"
4693,Prince of Persia: The Sands of Time,Official,35,2,local,2,"Prince of Persia - The Sands of Time (Europe) (En,Fr,De,Es,It,Nl),Prince of Persia - The Sands of Time (USA) (En,Fr,Es)",8,"Prince of Persia - The Sands of Time (Europe) (En,Fr,De,Es,It,Nl),Prince of Persia - The Sands of Time (USA) (En,Fr,Es)",0,,"nointro,retroachievements"
4703,Shining Soul,Official,63,3,local,3,"Shining Soul (Europe) (En,Fr,De,Es,It),Shining Soul (USA)",8,"Shining Soul (Europe) (En,Fr,De,Es,It),Shining Soul (USA)",0,,"nointro,retroachievements"
4707,Shining Force: Resurrection of the Dark Dragon,Official,72,1,local,1,"Shining Force - Resurrection of the Dark Dragon (Europe) (En,Fr,De,Es,It)",4,"Shining Force - Resurrection of the Dark Dragon (Europe) (En,Fr,De,Es,It)",0,,"nointro,retroachievements"
4710,Yu-Gi-Oh! Reshef of Destruction,Official,50,2,local,2,"Yu-Gi-Oh! - Reshef of Destruction (Europe) (En,Fr,De,Es,It),Yu-Gi-Oh! - Reshef of Destruction (USA)",8,"Yu-Gi-Oh! - Reshef of Destruction (Europe) (En,Fr,De,Es,It),Yu-Gi-Oh! - Reshef of Destruction (USA)",0,,"nointro,retroachievements"
4716,An American Tail: Fievel's Gold Rush,Official,13,2,local,2,"American Tail, An - Fievel's Gold Rush (USA) (En,Es),American Tail, An - Fievel's Gold Rush (Europe) (En,Fr,De,Es,It)",8,"American Tail, An - Fievel's Gold Rush (USA) (En,Es),American Tail, An - Fievel's Gold Rush (Europe) (En,Fr,De,Es,It)",0,,"nointro,retroachievements"
4723,Medabots: Metabee Version,Official,36,1,local,1,Medabots - Metabee (USA),4,Medabots - Metabee (USA),0,,"nointro,retroachievements"
4738,The King of Fighters EX: Neo Blood,Official,28,4,local,4,"King of Fighters EX, The - NeoBlood (Europe),King of Fighters EX, The - NeoBlood (USA),King of Fighters EX, The - NeoBlood (USA) (Rev 1),King of Fighters EX, The - NeoBlood (Japan)",16,"King of Fighters EX, The - NeoBlood (Europe),King of Fighters EX, The - NeoBlood (USA),King of Fighters EX, The - NeoBlood (USA) (Rev 1),King of Fighters EX, The - NeoBlood (Japan)",0,,"nointro,retroachievements"
4740,Ninja Five-O,Official,39,2,local,1,Ninja Five-O (USA),8,"Ninja Five-O (USA),Ninja Five-O (USA) (Limited Run Games)",0,,"nointro,retroachievements"
4749,Monster Trucks,Official,48,1,local,1,"Monster Trucks (USA, Europe)",4,"Monster Trucks (USA, Europe)",0,,"nointro,retroachievements"
4753,Klonoa Heroes: Densetsu no Star Medal,Official,121,3,local,3,Klonoa Heroes - Densetsu no Star Medal (Japan),4,Klonoa Heroes - Densetsu no Star Medal (Japan),0,,"nointro,retroachievements"
4853,Harvest Moon: Friends of Mineral Town,Official,150,5,local,5,"Harvest Moon - Friends of Mineral Town (Europe),Harvest Moon - Friends of Mineral Town (Germany),Harvest Moon - Friends of Mineral Town (USA),Bokujou Monogatari - Mineral Town no Nakama-tachi (Japan)",16,"Harvest Moon - Friends of Mineral Town (Europe),Harvest Moon - Friends of Mineral Town (Germany),Harvest Moon - Friends of Mineral Town (USA),Bokujou Monogatari - Mineral Town no Nakama-tachi (Japan)",0,,"nointro,retroachievements"
4872,Breath of Fire,Official,68,2,local,2,Breath of Fire (USA),4,Breath of Fire (USA),0,,"nointro,retroachievements"
4873,~Hack~ Fire Emblem: Vision Quest,Hack,214,1,local,1,,0,,0,,retroachievements
4879,Fire Emblem: Fuuin no Tsurugi,Official,70,5,local,5,Fire Emblem - Fuuin no Tsurugi (Japan),4,Fire Emblem - Fuuin no Tsurugi (Japan),0,,"nointro,retroachievements"
4881,DemiKids: Dark Version,Official,81,1,local,1,DemiKids - Dark Version (USA),4,DemiKids - Dark Version (USA),0,,"nointro,retroachievements"
4894,"Ed, Edd n Eddy: Jawbreakers!",Official,18,1,local,1,"Ed, Edd n Eddy - Jawbreakers! (USA)",4,"Ed, Edd n Eddy - Jawbreakers! (USA)",0,,"nointro,retroachievements"
4895,Shrek: Swamp Kart Speedway,Official,26,1,local,1,"Shrek - Swamp Kart Speedway (USA, Europe) (En,Fr,De,Es,It,Nl)",4,"Shrek - Swamp Kart Speedway (USA, Europe) (En,Fr,De,Es,It,Nl)",0,,"nointro,retroachievements"
4909,Mega Man Battle Chip Challenge,Official,32,2,local,2,"Mega Man - Battle Chip Challenge (USA),Megaman - Battle Chip Challenge (Europe)",8,"Mega Man - Battle Chip Challenge (USA),Megaman - Battle Chip Challenge (Europe)",0,,"nointro,retroachievements"
4916,Bubble Bobble: Old & New,Official,63,2,local,2,"Bubble Bobble - Old & New (Europe) (En,Fr,De,Es,It),Bubble Bobble - Old & New (USA)",8,"Bubble Bobble - Old & New (Europe) (En,Fr,De,Es,It),Bubble Bobble - Old & New (USA)",0,,"nointro,retroachievements"
4926,Dokapon: Monster Hunter,Official,24,1,local,1,"Dokapon - Monster Hunter! (Europe) (En,Fr,De)",4,"Dokapon - Monster Hunter! (Europe) (En,Fr,De)",0,,"nointro,retroachievements"
4964,~Hack~ Pokémon Liquid Crystal Version,Hack,74,1,local,1,,0,,0,,retroachievements
4969,Super Mario World: Super Mario Advance 2,Official,57,2,local,2,"Super Mario Advance 2 - Super Mario World (Europe) (En,Fr,De,Es)",4,"Super Mario Advance 2 - Super Mario World (Europe) (En,Fr,De,Es)",0,,"nointro,retroachievements"
4970,Dr. Mario & Puzzle League,Official,63,2,local,2,"2 Games in One! - Dr. Mario + Puzzle League (USA),2 Games in 1 - Dr. Mario + Puzzle League (Europe) (En,Fr,De,Es,It)",8,"2 Games in One! - Dr. Mario + Puzzle League (USA),2 Games in 1 - Dr. Mario + Puzzle League (Europe) (En,Fr,De,Es,It)",0,,"nointro,retroachievements"
4991,Goemon: New Age Shutsudou,Official,50,1,local,1,Goemon - New Age Shutsudou! (Japan),4,Goemon - New Age Shutsudou! (Japan),0,,"nointro,retroachievements"
4996,SpongeBob SquarePants: Revenge of the Flying Dutchman,Official,49,2,local,2,"SpongeBob SquarePants - Revenge of the Flying Dutchman (USA, Europe),2 Games in 1 - SpongeBob SquarePants - Revenge of the Flying Dutchman + SpongeBob SquarePants - SuperSponge (Europe)",8,"SpongeBob SquarePants - Revenge of the Flying Dutchman (USA, Europe),2 Games in 1 - SpongeBob SquarePants - Revenge of the Flying Dutchman + SpongeBob SquarePants - SuperSponge (Europe)",0,,"nointro,retroachievements"
5004,Yu-Gi-Oh! The Eternal Duelist Soul,Official,39,1,local,1,Yu-Gi-Oh! - The Eternal Duelist Soul (USA),4,Yu-Gi-Oh! - The Eternal Duelist Soul (USA),0,,"nointro,retroachievements"
5007,Nintendo e-Reader [Subset - Mario Party-e],Official,11,0,unmatched,0,,0,,0,,
5008,DK: King of Swing,Official,52,2,local,2,"DK - King of Swing (USA),DK - King of Swing (Europe) (En,Fr,De,Es,It)",8,"DK - King of Swing (USA),DK - King of Swing (Europe) (En,Fr,De,Es,It)",0,,"nointro,retroachievements"
5029,Tactics Ogre: The Knight of Lodis,Official,87,1,local,1,Tactics Ogre - The Knight of Lodis (USA),4,Tactics Ogre - The Knight of Lodis (USA),0,,"nointro,retroachievements"
5030,Digimon Battle Spirit,Official,34,2,local,2,"Digimon - Battle Spirit (Europe) (En,Fr,De,Es,It),Digimon - Battle Spirit (USA)",8,"Digimon - Battle Spirit (Europe) (En,Fr,De,Es,It),Digimon - Battle Spirit (USA)",0,,"nointro,retroachievements"
5031,Robotech: The Macross Saga,Official,30,1,local,1,"Robotech - The Macross Saga (USA, Europe) (En,Fr,De,Es,It,Nl)",4,"Robotech - The Macross Saga (USA, Europe) (En,Fr,De,Es,It,Nl)",0,,"nointro,retroachievements"
5057,The Urbz: Sims in the City,Official,90,2,local,2,"Urbz, The - Sims in the City (USA, Europe) (En,Fr,De,Es,It,Nl)",4,"Urbz, The - Sims in the City (USA, Europe) (En,Fr,De,Es,It,Nl)",0,,"nointro,retroachievements"
5068,Alien Hominid,Official,26,1,local,1,"Alien Hominid (Europe) (En,Fr,De,Es,It)",4,"Alien Hominid (Europe) (En,Fr,De,Es,It)",0,,"nointro,retroachievements"
5077,Gunstar Super Heroes,Official,57,2,local,2,"Gunstar Future Heroes (Europe) (En,Ja,Fr,De,Es,It),Gunstar Super Heroes (USA)",8,"Gunstar Future Heroes (Europe) (En,Ja,Fr,De,Es,It),Gunstar Super Heroes (USA)",0,,"nointro,retroachievements"
5079,"One Piece: Going Baseball, Kaizoku Yakyuu",Official,34,1,local,1,One Piece - Going Baseball - Kaizoku Yakyuu (Japan),4,One Piece - Going Baseball - Kaizoku Yakyuu (Japan),0,,"nointro,retroachievements"
5080,Tim Burton's The Nightmare Before Christmas: The Pumpkin King,Official,71,1,local,1,"Tim Burton's The Nightmare Before Christmas - The Pumpkin King (USA, Europe) (En,Fr,De,Es,It)",4,"Tim Burton's The Nightmare Before Christmas - The Pumpkin King (USA, Europe) (En,Fr,De,Es,It)",0,,"nointro,retroachievements"
5081,Aladdin,Official,39,3,local,3,"Aladdin (USA) (En,Fr,De,Es),Aladdin (Europe) (En,Fr,De,Es)",8,"Aladdin (USA) (En,Fr,De,Es),Aladdin (Europe) (En,Fr,De,Es)",0,,"nointro,retroachievements"
5085,Herbie: Fully Loaded,Official,48,2,local,2,"Herbie - Fully Loaded (USA),Herbie - Fully Loaded (Europe) (En,Fr,De)",8,"Herbie - Fully Loaded (USA),Herbie - Fully Loaded (Europe) (En,Fr,De)",0,,"nointro,retroachievements"
5089,Yu Yu Hakusho: Ghost Files - Spirit Detective,Official,45,1,local,1,"Yu Yu Hakusho - Ghostfiles - Spirit Detective (Europe) (En,Fr,De,Es,It)",4,"Yu Yu Hakusho - Ghostfiles - Spirit Detective (Europe) (En,Fr,De,Es,It)",0,,"nointro,retroachievements"
5093,Mario Party Advance,Official,63,2,local,2,"Mario Party Advance (Europe) (En,Fr,De,Es,It),Mario Party Advance (USA)",8,"Mario Party Advance (Europe) (En,Fr,De,Es,It),Mario Party Advance (USA)",0,,"nointro,retroachievements"
5106,~Hack~ Pokémon Snakewood,Hack,69,2,local,2,,0,,0,,retroachievements
5114,Yu-Gi-Oh! World Championship Tournament 2004,Official,80,2,local,2,"Yu-Gi-Oh! - World Championship Tournament 2004 (USA) (En,Ja,Fr,De,Es,It)",4,"Yu-Gi-Oh! - World Championship Tournament 2004 (USA) (En,Ja,Fr,De,Es,It)",1,"Yu-Gi-Oh! - World Championship Tournament 2004 (Europe) (En,Ja,Fr,De,Es,It)","nointro,retroachievements"
5116,Yu-Gi-Oh! 7 Trials to Glory: World Championship Tournament 2005,Official,40,1,local,1,"Yu-Gi-Oh! - 7 Trials to Glory - World Championship Tournament 2005 (USA) (En,Ja,Fr,De,Es,It)",4,"Yu-Gi-Oh! - 7 Trials to Glory - World Championship Tournament 2005 (USA) (En,Ja,Fr,De,Es,It)",0,,"nointro,retroachievements"
5117,Yu-Gi-Oh! The Sacred Cards,Official,64,2,local,2,"Yu-Gi-Oh! - The Sacred Cards (USA),Yu-Gi-Oh! - The Sacred Cards (Europe) (En,Fr,De,Es,It)",8,"Yu-Gi-Oh! - The Sacred Cards (USA),Yu-Gi-Oh! - The Sacred Cards (Europe) (En,Fr,De,Es,It)",0,,"nointro,retroachievements"
5118,Yu-Gi-Oh! Destiny Board Traveler,Official,33,1,local,1,"Yu-Gi-Oh! - Destiny Board Traveler (Europe) (En,Fr,De,Es,It)",4,"Yu-Gi-Oh! - Destiny Board Traveler (Europe) (En,Fr,De,Es,It)",0,,"nointro,retroachievements"
5119,Tokyo Xtreme Racer Advance,Official,41,2,local,2,"Tokyo Xtreme Racer Advance (USA),Tokyo Xtreme Racer Advance (Europe) (En,Fr,De,Es,It)",8,"Tokyo Xtreme Racer Advance (USA),Tokyo Xtreme Racer Advance (Europe) (En,Fr,De,Es,It)",0,,"nointro,retroachievements"
5127,Crash Nitro Kart,Official,68,3,local,3,"Crash Bandicoot Bakusou! Nitro Cart (Japan),Crash Nitro Kart (Europe) (En,Fr,De,Es,It,Nl),Crash Nitro Kart (USA)",12,"Crash Bandicoot Bakusou! Nitro Cart (Japan),Crash Nitro Kart (Europe) (En,Fr,De,Es,It,Nl),Crash Nitro Kart (USA)",0,,"nointro,retroachievements"
5131,Yu-Gi-Oh! Ultimate Masters: World Championship Tournament 2006,Official,88,2,local,2,"Yu-Gi-Oh! - Ultimate Masters Edition - World Championship Tournament 2006 (Europe) (En,Ja,Fr,De,Es,It),Yu-Gi-Oh! - Ultimate Masters - World Championship Tournament 2006 (USA) (En,Ja,Fr,De,Es,It)",8,"Yu-Gi-Oh! - Ultimate Masters Edition - World Championship Tournament 2006 (Europe) (En,Ja,Fr,De,Es,It),Yu-Gi-Oh! - Ultimate Masters - World Championship Tournament 2006 (USA) (En,Ja,Fr,De,Es,It)",0,,"nointro,retroachievements"
5139,Rock n' Roll Racing,Official,33,2,local,2,"Rock 'N Roll Racing (USA),Rock 'N Roll Racing (Europe)",8,"Rock 'N Roll Racing (USA),Rock 'N Roll Racing (Europe)",0,,"nointro,retroachievements"
5176,Super Robot Taisen: Original Generation,Official,48,2,local,2,"Super Robot Taisen - Original Generation (Europe),Super Robot Taisen - Original Generation (USA)",8,"Super Robot Taisen - Original Generation (Europe),Super Robot Taisen - Original Generation (USA)",0,,"nointro,retroachievements"
5179,Sigma Star Saga,Official,89,1,local,1,"Sigma Star Saga (USA, Europe)",4,"Sigma Star Saga (USA, Europe)",0,,"nointro,retroachievements"
5225,Super Mario Advance 3: Yoshi's Island [Subset - Low Score],Official,60,1,local,1,,0,,0,,retroachievements
5234,Super Mario Advance 3: Yoshi's Island,Official,66,4,local,2,"Super Mario Advance 3 - Yoshi's Island (Europe) (En,Fr,De,Es,It),Super Mario Advance 3 - Yoshi's Island (USA)",8,"Super Mario Advance 3 - Yoshi's Island (Europe) (En,Fr,De,Es,It),Super Mario Advance 3 - Yoshi's Island (USA)",0,,"nointro,retroachievements"
5240,Lufia: The Ruins of Lore,Official,86,1,local,1,Lufia - The Ruins of Lore (USA),4,Lufia - The Ruins of Lore (USA),0,,"nointro,retroachievements"
5245,~Hack~ Pokémon AshGray Version,Hack,139,1,local,1,,0,,0,,retroachievements
5254,Invader,Official,25,1,local,1,Invader (Europe),4,Invader (Europe),0,,"nointro,retroachievements"
5255,Sonic Pinball Party,Official,103,2,local,2,"Sonic Pinball Party (Europe) (En,Ja,Fr,De,Es,It),Sonic Pinball Party (USA) (En,Ja,Fr,De,Es,It)",8,"Sonic Pinball Party (Europe) (En,Ja,Fr,De,Es,It),Sonic Pinball Party (USA) (En,Ja,Fr,De,Es,It)",0,,"nointro,retroachievements"
5271,The Fairly OddParents! Breakin' Da Rules,Official,16,1,local,1,"Fairly OddParents!, The - Breakin' da Rules (USA)",4,"Fairly OddParents!, The - Breakin' da Rules (USA)",0,,"nointro,retroachievements"
5281,Power Rangers S.P.D.,Official,24,1,local,1,"Power Rangers S.P.D. (USA, Europe)",4,"Power Rangers S.P.D. (USA, Europe)",0,,"nointro,retroachievements"
5284,Spider-Man,Official,40,1,local,1,"Spider-Man (USA, Europe)",4,"Spider-Man (USA, Europe)",0,,"nointro,retroachievements"
5286,Spider-Man: Mysterio's Menace,Official,27,1,local,1,"Spider-Man - Mysterio's Menace (USA, Europe)",4,"Spider-Man - Mysterio's Menace (USA, Europe)",0,,"nointro,retroachievements"
5287,Batman Begins,Official,27,1,local,1,"Batman Begins (USA, Europe) (En,Fr,De,Es,It,Nl)",4,"Batman Begins (USA, Europe) (En,Fr,De,Es,It,Nl)",0,,"nointro,retroachievements"
5311,Onimusha Tactics,Official,62,2,local,2,"Onimusha Tactics (Europe),Onimusha Tactics (USA)",8,"Onimusha Tactics (Europe),Onimusha Tactics (USA)",0,,"nointro,retroachievements"
5312,The King of Fighters EX2: Howling Blood,Official,46,2,local,2,"King of Fighters EX 2, The - Howling Blood (Japan) (Rev 1),King of Fighters EX 2, The - Howling Blood (USA)",8,"King of Fighters EX 2, The - Howling Blood (Japan) (Rev 1),King of Fighters EX 2, The - Howling Blood (USA)",0,,"nointro,retroachievements"
5315,The Legend of Spyro: A New Beginning,Official,24,2,local,2,"Legend of Spyro, The - A New Beginning (USA)",4,"Legend of Spyro, The - A New Beginning (USA)",0,,"nointro,retroachievements"
5343,F-Zero: GP Legend,Official,41,2,local,2,"F-Zero - GP Legend (Europe) (En,Fr,De,Es,It),F-Zero - GP Legend (USA)",8,"F-Zero - GP Legend (Europe) (En,Fr,De,Es,It),F-Zero - GP Legend (USA)",0,,"nointro,retroachievements"
5344,Monopoly,Official,36,2,local,2,"Monopoly (Europe) (En,Fr,De,Es),Monopoly (USA)",8,"Monopoly (Europe) (En,Fr,De,Es),Monopoly (USA)",0,,"nointro,retroachievements"
5345,Shark Tale,Official,23,3,local,3,"Shark Tale (Europe) (Fr,De,Es),Shark Tale (USA, Europe),Shark Tale (Italy)",12,"Shark Tale (Europe) (Fr,De,Es),Shark Tale (USA, Europe),Shark Tale (Italy)",0,,"nointro,retroachievements"
5364,~Homebrew~ Snakes,Homebrew,8,1,local,1,,0,,0,,retroachievements
5377,Kuru Kuru Kururin,Official,64,2,local,2,"Kurukuru Kururin (Europe),Kurukuru Kururin (Japan)",8,"Kurukuru Kururin (Europe),Kurukuru Kururin (Japan)",0,,"nointro,retroachievements"
5441,Baldur's Gate: Dark Alliance,Official,39,2,local,2,"Baldur's Gate - Dark Alliance (USA),Baldur's Gate - Dark Alliance (Europe) (En,Fr,De,Es,It)",8,"Baldur's Gate - Dark Alliance (USA),Baldur's Gate - Dark Alliance (Europe) (En,Fr,De,Es,It)",0,,"nointro,retroachievements"
5443,Space Channel 5: Ulala's Cosmic Attack,Official,28,2,local,2,"Space Channel 5 - Ulala's Cosmic Attack (USA),Space Channel 5 - Ulala's Cosmic Attack (Europe)",8,"Space Channel 5 - Ulala's Cosmic Attack (USA),Space Channel 5 - Ulala's Cosmic Attack (Europe)",0,,"nointro,retroachievements"
5491,Digimon Battle Spirit 2,Official,45,2,local,2,"Digimon - Battle Spirit 2 (Europe) (En,Fr,De,Es,It),Digimon - Battle Spirit 2 (USA) (En,Fr,De,Es,It)",8,"Digimon - Battle Spirit 2 (Europe) (En,Fr,De,Es,It),Digimon - Battle Spirit 2 (USA) (En,Fr,De,Es,It)",0,,"nointro,retroachievements"
5494,~Hack~ Mega Man Battle Network 6: Cybeast Falzar - MegaRock Patch,Hack,76,1,local,1,,0,,0,,retroachievements
5501,SpongeBob SquarePants: SuperSponge,Official,12,1,local,1,"SpongeBob SquarePants - SuperSponge (USA, Europe)",4,"SpongeBob SquarePants - SuperSponge (USA, Europe)",0,,"nointro,retroachievements"
5502,Avatar: The Last Airbender - The Burning Earth,Official,51,1,local,1,Avatar - The Last Airbender - The Burning Earth (USA),4,Avatar - The Last Airbender - The Burning Earth (USA),0,,"nointro,retroachievements"
5509,Rayman 3,Official,42,1,local,1,"Rayman 3 (Europe) (En,Fr,De,Es,It,Nl,Sv,No,Da,Fi)",4,"Rayman 3 (Europe) (En,Fr,De,Es,It,Nl,Sv,No,Da,Fi)",0,,"nointro,retroachievements"
5512,Riviera: The Promised Land,Official,76,1,local,1,Riviera - The Promised Land (USA),4,Riviera - The Promised Land (USA),0,,"nointro,retroachievements"
5520,Pac-Man Collection,Official,71,1,local,1,Pac-Man Collection (USA),4,Pac-Man Collection (USA),0,,"nointro,retroachievements"
5521,Genso Suikoden Card Stories,Official,81,2,local,2,Gensou Suikoden - Card Stories (Japan),4,Gensou Suikoden - Card Stories (Japan),0,,"nointro,retroachievements"
5530,Klonoa 2: Dream Champ Tournament,Official,26,1,local,1,Klonoa 2 - Dream Champ Tournament (USA),4,Klonoa 2 - Dream Champ Tournament (USA),0,,"nointro,retroachievements"
5532,Codename: Kids Next Door - Operation S.O.D.A.,Official,50,1,local,1,Codename - Kids Next Door - Operation S.O.D.A. (USA),4,Codename - Kids Next Door - Operation S.O.D.A. (USA),0,,"nointro,retroachievements"
5535,Crash Bandicoot 2: N-Tranced,Official,64,2,local,2,"Crash Bandicoot 2 - N-Tranced (Europe) (En,Fr,De,Es,It,Nl),Crash Bandicoot 2 - N-Tranced (USA)",8,"Crash Bandicoot 2 - N-Tranced (Europe) (En,Fr,De,Es,It,Nl),Crash Bandicoot 2 - N-Tranced (USA)",0,,"nointro,retroachievements"
5537,Yu-Gi-Oh! Dungeon Dice Monsters,Official,28,1,local,1,"Yu-Gi-Oh! - Dungeon Dice Monsters (USA) (En,Es)",4,"Yu-Gi-Oh! - Dungeon Dice Monsters (USA) (En,Es)",0,,"nointro,retroachievements"
5544,Animal Snap: Rescue Them 2 by 2,Official,28,2,local,2,"Animal Snap - Rescue Them 2 by 2 (Europe),Animal Snap - Rescue Them 2 by 2 (USA)",8,"Animal Snap - Rescue Them 2 by 2 (Europe),Animal Snap - Rescue Them 2 by 2 (USA)",0,,"nointro,retroachievements"
5552,~Hack~ Pokémon Sweet Version,Hack,49,1,local,1,,0,,0,,retroachievements
5554,~Hack~ Pokémon Dark Rising,Hack,100,1,local,1,,0,,0,,retroachievements
5563,3 Games in One!: Yars' Revenge + Asteroids + Pong,Official,13,2,local,2,"3 Games in One! - Yars' Revenge + Asteroids + Pong (Europe) (En,Fr,De,Es,It),3 Games in One! - Yars' Revenge + Asteroids + Pong (USA)",8,"3 Games in One! - Yars' Revenge + Asteroids + Pong (Europe) (En,Fr,De,Es,It),3 Games in One! - Yars' Revenge + Asteroids + Pong (USA)",0,,"nointro,retroachievements"
5564,Yu Yu Hakusho: Ghost Files - Tournament Tactics,Official,60,2,local,2,"Yu Yu Hakusho - Ghostfiles - Tournament Tactics (USA, Europe)",4,"Yu Yu Hakusho - Ghostfiles - Tournament Tactics (USA, Europe)",0,,"nointro,retroachievements"
5577,Star Wars Trilogy: Apprentice of the Force,Official,34,2,local,2,"Star Wars Trilogy - Apprentice of the Force (USA) (En,Fr,Es),Star Wars Trilogy - Apprentice of the Force (Europe) (En,Fr,De,Es,It,Nl)",8,"Star Wars Trilogy - Apprentice of the Force (USA) (En,Fr,Es),Star Wars Trilogy - Apprentice of the Force (Europe) (En,Fr,De,Es,It,Nl)",0,,"nointro,retroachievements"
5581,Zoids Legacy,Official,50,1,local,1,Zoids - Legacy (USA),4,Zoids - Legacy (USA),0,,"nointro,retroachievements"
5619,Densetsu no Stafy,Official,59,4,local,4,Densetsu no Stafy (Japan),4,Densetsu no Stafy (Japan),0,,"nointro,retroachievements"
5657,Medal of Honor: Infiltrator,Official,42,2,local,2,"Medal of Honor - Infiltrator (USA, Europe) (En,Fr,De)",4,"Medal of Honor - Infiltrator (USA, Europe) (En,Fr,De)",0,,"nointro,retroachievements"
5689,Army Men: Operation Green,Official,27,1,local,1,"Army Men - Operation Green (USA) (En,Fr,De,Es,It)",4,"Army Men - Operation Green (USA) (En,Fr,De,Es,It)",0,,"nointro,retroachievements"
5690,IK+,Official,21,1,local,1,IK+ (USA),4,IK+ (USA),0,,"nointro,retroachievements"
5705,E.T.: The Extra-Terrestrial,Official,27,1,local,1,E.T. - The Extra-Terrestrial (USA),4,E.T. - The Extra-Terrestrial (USA),0,,"nointro,retroachievements"
5706,Mech Platoon,Official,64,1,local,1,"Mech Platoon (Europe) (En,Fr,De,Es,It)",4,"Mech Platoon (Europe) (En,Fr,De,Es,It)",0,,"nointro,retroachievements"
5707,Hot Wheels: Burnin' Rubber,Official,21,1,local,1,"Hot Wheels - Burnin' Rubber (Europe) (En,Fr)",4,"Hot Wheels - Burnin' Rubber (Europe) (En,Fr)",0,,"nointro,retroachievements"
5709,Disney's Extreme Skate Adventure,Official,63,1,local,1,Extreme Skate Adventure (USA) (Rev 1),4,Extreme Skate Adventure (USA) (Rev 1),0,,"nointro,retroachievements"
5710,Super Dodge Ball Advance,Official,62,1,local,1,Super Dodge Ball Advance (Europe),4,Super Dodge Ball Advance (Europe),0,,"nointro,retroachievements"
5719,LEGO Star Wars: The Video Game,Official,45,1,local,1,"LEGO Star Wars - The Video Game (USA, Europe) (En,Fr,De,Es,It,Nl,Da)",4,"LEGO Star Wars - The Video Game (USA, Europe) (En,Fr,De,Es,It,Nl,Da)",0,,"nointro,retroachievements"
5720,LEGO Star Wars II: The Original Trilogy,Official,54,2,local,2,"LEGO Star Wars II - The Original Trilogy (Europe) (En,Fr,De,Es,It,Da),LEGO Star Wars II - The Original Trilogy (USA)",8,"LEGO Star Wars II - The Original Trilogy (Europe) (En,Fr,De,Es,It,Da),LEGO Star Wars II - The Original Trilogy (USA)",0,,"nointro,retroachievements"
5747,The Lost Vikings,Official,28,3,local,3,"Lost Vikings, The (Europe) (En,Fr,De,Es),Lost Vikings, The (USA)",8,"Lost Vikings, The (Europe) (En,Fr,De,Es),Lost Vikings, The (USA)",0,,"nointro,retroachievements"
5764,~Hack~ Castlevania: Aria of Sorrow Alter,Hack,61,2,local,2,,0,,0,,retroachievements
5776,Daredevil,Official,29,1,local,1,"Daredevil (Europe) (En,Fr,Es,It)",4,"Daredevil (Europe) (En,Fr,Es,It)",0,,"nointro,retroachievements"
5778,Harry Potter: Quidditch World Cup,Official,35,1,local,1,"Harry Potter - Quidditch World Cup (USA, Europe) (En,Fr,De,Es,It,Nl,Da)",4,"Harry Potter - Quidditch World Cup (USA, Europe) (En,Fr,De,Es,It,Nl,Da)",0,,nointro
5854,The Sims 2,Official,62,2,local,2,"Sims 2, The (USA, Europe) (En,Fr,De,Es,It,Nl)",4,"Sims 2, The (USA, Europe) (En,Fr,De,Es,It,Nl)",0,,"nointro,retroachievements"
5870,The Lord of the Rings: The Fellowship of the Ring,Official,43,1,local,1,"Lord of the Rings, The - The Fellowship of the Ring (Europe) (En,Fr,De,Es,It)",4,"Lord of the Rings, The - The Fellowship of the Ring (Europe) (En,Fr,De,Es,It)",0,,"nointro,retroachievements"
5884,Medabots AX: Rokusho Version,Official,20,2,local,2,"Medabots AX - Rokusho Ver. (USA),Medabots AX - Rokusho Ver. (Europe) (En,Fr,De,Es,It)",8,"Medabots AX - Rokusho Ver. (USA),Medabots AX - Rokusho Ver. (Europe) (En,Fr,De,Es,It)",0,,"nointro,retroachievements"
5910,The Incredibles,Official,21,1,local,1,"Incredibles, The (USA, Europe)",4,"Incredibles, The (USA, Europe)",0,,"nointro,retroachievements"
5913,DemiKids: Light Version,Official,78,1,local,1,DemiKids - Light Version (USA),4,DemiKids - Light Version (USA),0,,"nointro,retroachievements"
5959,Egg Mania,Official,16,1,local,1,"Egg Mania (USA) (En,Fr,Es)",4,"Egg Mania (USA) (En,Fr,Es)",0,,"nointro,retroachievements"
5985,Dungeons & Dragons: Eye of the Beholder,Official,42,2,local,2,"Dungeons & Dragons - Eye of the Beholder (USA),Dungeons & Dragons - Eye of the Beholder (Europe) (En,Fr,De,Es,It)",8,"Dungeons & Dragons - Eye of the Beholder (USA),Dungeons & Dragons - Eye of the Beholder (Europe) (En,Fr,De,Es,It)",0,,"nointro,retroachievements"
5987,Hamtaro: Ham-Ham Heartbreak,Official,35,1,local,1,Hamtaro - Ham-Ham Heartbreak (USA),4,Hamtaro - Ham-Ham Heartbreak (USA),0,,"nointro,retroachievements"
5988,Sabre Wulf,Official,60,2,local,2,"Sabre Wulf (Europe) (En,Fr,De),Sabre Wulf (USA)",8,"Sabre Wulf (Europe) (En,Fr,De),Sabre Wulf (USA)",0,,"nointro,retroachievements"
6003,Dual Blades,Official,117,1,local,1,Dual Blades (USA),4,Dual Blades (USA),0,,"nointro,retroachievements"
6006,Crazy Taxi: Catch a Ride,Official,37,2,local,2,"Crazy Taxi - Catch a Ride (Europe) (En,Fr,De,Es,It),Crazy Taxi - Catch a Ride (USA)",8,"Crazy Taxi - Catch a Ride (Europe) (En,Fr,De,Es,It),Crazy Taxi - Catch a Ride (USA)",0,,"nointro,retroachievements"
6011,Mr. Driller 2,Official,42,2,local,2,"Mr. Driller 2 (Europe),Mr. Driller 2 (USA)",8,"Mr. Driller 2 (Europe),Mr. Driller 2 (USA)",0,,"nointro,retroachievements"
6030,Garfield and his Nine Lives,Official,26,2,local,2,"Garfield and His Nine Lives (Europe) (En,Fr,De,Es,It,Nl),Garfield and His Nine Lives (USA) (En,Fr,Es)",8,"Garfield and His Nine Lives (Europe) (En,Fr,De,Es,It,Nl),Garfield and His Nine Lives (USA) (En,Fr,Es)",0,,"nointro,retroachievements"
6056,Totally Spies!,Official,37,2,local,2,"Totally Spies! (USA),Totally Spies! (Europe) (En,Fr,De,Es,It,Nl)",8,"Totally Spies! (USA),Totally Spies! (Europe) (En,Fr,De,Es,It,Nl)",0,,"nointro,retroachievements"
6083,F-Zero: Climax,Official,75,3,local,3,F-Zero - Climax (Japan),4,F-Zero - Climax (Japan),0,,"nointro,retroachievements"
6086,Monster House,Official,60,1,local,1,"Monster House (Europe) (En,Fr,De,Es)",4,"Monster House (Europe) (En,Fr,De,Es)",0,,"nointro,retroachievements"
6087,Pocky & Rocky with Becky,Official,36,1,local,1,Pocky & Rocky with Becky (USA),4,Pocky & Rocky with Becky (USA),0,,"nointro,retroachievements"
6100,Activision Anthology,Official,44,1,local,1,Activision Anthology (USA),4,Activision Anthology (USA),0,,"nointro,retroachievements"
6101,Elf Bowling 1 & 2,Official,10,1,local,1,Elf Bowling 1 & 2 (USA),4,Elf Bowling 1 & 2 (USA),0,,"nointro,retroachievements"
6114,The Bible Game,Official,21,1,local,1,"Bible Game, The (USA)",4,"Bible Game, The (USA)",0,,"nointro,retroachievements"
6118,The Grim Adventures of Billy & Mandy,Official,21,2,local,2,"Grim Adventures of Billy & Mandy, The (USA)",4,"Grim Adventures of Billy & Mandy, The (USA)",0,,"nointro,retroachievements"
6141,Crash of the Titans,Official,56,2,local,2,"Crash of the Titans (Europe) (En,Fr,De,Es,It,Nl),Crash of the Titans (USA) (En,Fr)",8,"Crash of the Titans (Europe) (En,Fr,De,Es,It,Nl),Crash of the Titans (USA) (En,Fr)",0,,"nointro,retroachievements"
6145,X-Bladez: Inline Skater,Official,79,1,local,1,X-Bladez - Inline Skater (Europe),4,X-Bladez - Inline Skater (Europe),0,,"nointro,retroachievements"
6161,Scurge: Hive,Official,46,2,local,2,"Scurge - Hive (USA) (En,Fr,Es),Scurge - Hive (Europe) (En,Fr,De,Es,It)",8,"Scurge - Hive (USA) (En,Fr,Es),Scurge - Hive (Europe) (En,Fr,De,Es,It)",0,,"nointro,retroachievements"
6183,V-Rally 3,Official,77,1,local,1,"V-Rally 3 (Europe) (En,Fr,De,Es,It)",4,"V-Rally 3 (Europe) (En,Fr,De,Es,It)",0,,"nointro,retroachievements"
6184,The Sims: Bustin' Out,Official,50,1,local,1,"Sims, The - Bustin' Out (USA, Europe) (En,Fr,De,Es,It,Nl)",4,"Sims, The - Bustin' Out (USA, Europe) (En,Fr,De,Es,It,Nl)",0,,"nointro,retroachievements"
6187,Dogz 2,Official,30,1,local,1,"Dogz 2 (Europe) (En,Fr,De,It)",4,"Dogz 2 (Europe) (En,Fr,De,It)",0,,"nointro,retroachievements"
6192,Worms Blast,Official,31,1,local,1,"Worms Blast (Europe) (En,Fr,De,Es,It)",4,"Worms Blast (Europe) (En,Fr,De,Es,It)",0,,"nointro,retroachievements"
6193,Dexter's Laboratory: Deesaster Strikes!,Official,55,1,local,1,"Dexter's Laboratory - Deesaster Strikes! (Europe) (En,Fr,De,Es,It)",4,"Dexter's Laboratory - Deesaster Strikes! (Europe) (En,Fr,De,Es,It)",0,,"nointro,retroachievements"
6194,Gauntlet: Dark Legacy,Official,42,1,local,1,Gauntlet - Dark Legacy (USA),4,Gauntlet - Dark Legacy (USA),0,,"nointro,retroachievements"
6209,Guilty Gear X Advance Edition,Official,54,1,local,1,Guilty Gear X - Advance Edition (USA),4,Guilty Gear X - Advance Edition (USA),0,,"nointro,retroachievements"
6220,X-Men: The Official Game,Official,39,1,local,1,X-Men - The Official Game (USA),4,X-Men - The Official Game (USA),0,,"nointro,retroachievements"
6224,Buffy the Vampire Slayer: Wrath of the Darkhul King,Official,86,2,local,2,"Buffy contre les Vampires - La Colere de Darkhul (France),Buffy the Vampire Slayer - Wrath of the Darkhul King (USA, Europe)",8,"Buffy contre les Vampires - La Colere de Darkhul (France),Buffy the Vampire Slayer - Wrath of the Darkhul King (USA, Europe)",0,,"nointro,retroachievements"
6226,Deal or No Deal,Official,12,1,local,1,Deal or No Deal (USA),4,Deal or No Deal (USA),0,,"nointro,retroachievements"
6227,Shrek 2,Official,77,1,local,1,"Shrek 2 (USA, Europe)",4,"Shrek 2 (USA, Europe)",0,,"nointro,retroachievements"
6236,Super Robot Wars J,Official,100,3,local,3,Super Robot Taisen J (Japan),4,Super Robot Taisen J (Japan),0,,"nointro,retroachievements"
6250,007: NightFire,Official,43,1,local,1,"007 - NightFire (USA, Europe) (En,Fr,De)",4,"007 - NightFire (USA, Europe) (En,Fr,De)",0,,"nointro,retroachievements"
6270,MotoGP,Official,55,1,local,1,"MotoGP (Europe) (En,Fr,De,Es,It)",4,"MotoGP (Europe) (En,Fr,De,Es,It)",0,,nointro
6289,Donald Duck Advance!,Official,29,2,local,2,"Donald Duck Advance (Europe) (En,Fr,De,Es,It),Donald Duck Advance (USA)",8,"Donald Duck Advance (Europe) (En,Fr,De,Es,It),Donald Duck Advance (USA)",0,,"nointro,retroachievements"
6290,Jimmy Neutron: Boy Genius,Official,23,1,local,1,"Jimmy Neutron - Boy Genius (Europe) (En,Fr,De,Es)",4,"Jimmy Neutron - Boy Genius (Europe) (En,Fr,De,Es)",0,,nointro
6346,Crazy Frog Racer,Official,48,1,local,1,"Crazy Frog Racer (Europe) (En,Fr,De,Nl)",4,"Crazy Frog Racer (Europe) (En,Fr,De,Nl)",0,,"nointro,retroachievements"
6353,~Hack~ Pokémon Glazed,Hack,99,2,local,2,,0,,0,,retroachievements
6377,CIMA: The Enemy,Official,108,1,local,1,CIMA - The Enemy (USA),4,CIMA - The Enemy (USA),0,,"nointro,retroachievements"
6378,Alienators: Evolution Continues,Official,24,1,local,1,"Alienators - Evolution Continues (USA, Europe)",4,"Alienators - Evolution Continues (USA, Europe)",0,,"nointro,retroachievements"
6393,LEGO Island 2: The Brickster's Revenge,Official,50,1,local,1,"LEGO Island 2 - The Brickster's Revenge (Europe) (En,Fr,De,Es,It,Nl,Sv,Da)",4,"LEGO Island 2 - The Brickster's Revenge (Europe) (En,Fr,De,Es,It,Nl,Sv,Da)",0,,"nointro,retroachievements"
6401,Puyo Pop Fever,Official,38,2,local,2,"Puyo Pop Fever (Europe) (En,Fr,De,Es,It),Puyo Puyo Fever (Japan) (En,Ja,Fr,De,Es,It)",8,"Puyo Pop Fever (Europe) (En,Fr,De,Es,It),Puyo Puyo Fever (Japan) (En,Ja,Fr,De,Es,It)",0,,"nointro,retroachievements"
6403,Hot Wheels: Stunt Track Challenge,Official,45,1,local,1,"Hot Wheels - Stunt Track Challenge (USA, Europe)",4,"Hot Wheels - Stunt Track Challenge (USA, Europe)",0,,"nointro,retroachievements"
6406,Godzilla: Domination!,Official,48,1,local,1,"Godzilla - Domination! (Europe) (En,Fr,De,Es,It)",4,"Godzilla - Domination! (Europe) (En,Fr,De,Es,It)",0,,"nointro,retroachievements"
6407,Nicktoons: Battle for Volcano Island,Official,16,1,local,1,Nicktoons - Battle for Volcano Island (USA),4,Nicktoons - Battle for Volcano Island (USA),0,,"nointro,retroachievements"
6408,Ultimate Spider-Man,Official,80,1,local,1,Ultimate Spider-Man (USA),4,Ultimate Spider-Man (USA),0,,"nointro,retroachievements"
6409,Danny Phantom: The Ultimate Enemy,Official,50,2,local,2,"Danny Phantom - The Ultimate Enemy (Europe) (En,De,Es),Danny Phantom - The Ultimate Enemy (Europe) (En,Fr,Nl)",8,"Danny Phantom - The Ultimate Enemy (Europe) (En,De,Es),Danny Phantom - The Ultimate Enemy (Europe) (En,Fr,Nl)",0,,"nointro,retroachievements"
6582,The Fairly OddParents! Enter the Cleft,Official,21,1,local,1,"Fairly OddParents!, The - Enter the Cleft (USA)",4,"Fairly OddParents!, The - Enter the Cleft (USA)",0,,"nointro,retroachievements"
6607,Curious George,Official,52,2,local,2,"Curious George (Europe) (En,Fr,De,Es,It,Sv,Da),Curious George (USA)",8,"Curious George (Europe) (En,Fr,De,Es,It,Sv,Da),Curious George (USA)",0,,"nointro,retroachievements"
6609,Nicktoons Unite!,Official,26,1,local,1,"SpongeBob SquarePants and Friends Unite! (Europe) (En,Fr,De,Es,Nl)",4,"SpongeBob SquarePants and Friends Unite! (Europe) (En,Fr,De,Es,Nl)",0,,"nointro,retroachievements"
6620,Zooo: Action Puzzle Game,Official,22,1,local,1,"Zooo - Action Puzzle Game (Europe) (En,Fr,De,Es,It)",4,"Zooo - Action Puzzle Game (Europe) (En,Fr,De,Es,It)",0,,"nointro,retroachievements"
6622,Cubix: Robots for Everyone - Clash 'n Bash,Official,24,1,local,1,Cubix - Robots for Everyone - Clash 'N Bash (USA),4,Cubix - Robots for Everyone - Clash 'N Bash (USA),0,,"nointro,retroachievements"
6623,Scooby-Doo 2: Monsters Unleashed,Official,34,2,local,2,"Scooby-Doo 2 - Monsters Unleashed (Europe) (En,Fr,De,Es,It)",4,"Scooby-Doo 2 - Monsters Unleashed (Europe) (En,Fr,De,Es,It)",0,,"nointro,retroachievements"
6643,~Hack~ Pokémon Ultra Violet Version,Hack,29,1,local,1,,0,,0,,retroachievements
6653,Azumanga Daioh Advance,Official,42,1,local,1,Azumanga Daiou Advance (Japan),4,Azumanga Daiou Advance (Japan),0,,"nointro,retroachievements"
6663,Star Wars - Episode III: Revenge of the Sith,Official,73,1,local,1,"Star Wars - Episode III - Revenge of the Sith (USA) (En,Fr,Es)",4,"Star Wars - Episode III - Revenge of the Sith (USA) (En,Fr,Es)",0,,"nointro,retroachievements"
6670,Digimon Racing,Official,23,1,local,1,"Digimon Racing (USA) (En,Fr,De,Es,It)",4,"Digimon Racing (USA) (En,Fr,De,Es,It)",0,,"nointro,retroachievements"
6679,Spider-Man 2,Official,60,1,local,1,"Spider-Man 2 (USA, Europe)",4,"Spider-Man 2 (USA, Europe)",0,,"nointro,retroachievements"
6688,Spy Muppets: License to Croak,Official,11,1,local,1,"Spy Muppets - License to Croak (USA) (En,Fr,De,Es,It,Nl)",4,"Spy Muppets - License to Croak (USA) (En,Fr,De,Es,It,Nl)",0,,"nointro,retroachievements"
6738,Love Hina Advance: Shukufuku no Kane wa Naru Kana,Official,10,4,local,4,Love Hina Advance - Shukufuku no Kane wa Naru Kana (Japan),4,Love Hina Advance - Shukufuku no Kane wa Naru Kana (Japan),0,,"nointro,retroachievements"
6739,Virtua Tennis,Official,70,2,local,2,"Virtua Tennis (Europe) (En,Fr,De,Es,It),Virtua Tennis (USA)",8,"Virtua Tennis (Europe) (En,Fr,De,Es,It),Virtua Tennis (USA)",0,,"nointro,retroachievements"
6759,Denki Blocks!,Official,33,1,local,1,"Denki Blocks! (USA) (En,Es)",4,"Denki Blocks! (USA) (En,Es)",0,,"nointro,retroachievements"
6770,Scooby-Doo and the Cyber Chase,Official,38,1,local,1,"Scooby-Doo and the Cyber Chase (USA, Europe)",4,"Scooby-Doo and the Cyber Chase (USA, Europe)",0,,"nointro,retroachievements"
6771,Scooby-Doo! Mystery Mayhem,Official,34,1,local,1,"Scooby-Doo! - Mystery Mayhem (Europe) (En,Fr,De)",4,"Scooby-Doo! - Mystery Mayhem (Europe) (En,Fr,De)",0,,"nointro,retroachievements"
6772,Scooby-Doo! Unmasked,Official,28,3,local,3,"Scooby-Doo! - Unmasked (Europe) (Es,It),Scooby-Doo! - Unmasked (Europe) (En,Fr),Scooby-Doo! - Unmasked (USA) (En,Fr)",12,"Scooby-Doo! - Unmasked (Europe) (Es,It),Scooby-Doo! - Unmasked (Europe) (En,Fr),Scooby-Doo! - Unmasked (USA) (En,Fr)",0,,"nointro,retroachievements"
6775,Pac-Man World 2,Official,51,2,local,2,"Pac-Man World 2 (Europe) (En,Fr,De,Es,It),Pac-Man World 2 (USA)",8,"Pac-Man World 2 (Europe) (En,Fr,De,Es,It),Pac-Man World 2 (USA)",0,,"nointro,retroachievements"
6776,~Homebrew~ Touhou Kaisekiki: Arabasiri,Homebrew,16,1,local,1,,0,,0,,retroachievements
6814,Shin-chan: Aventuras en Cineland,Official,51,2,local,2,Shin chan - Aventuras en Cineland (Spain),4,Shin chan - Aventuras en Cineland (Spain),0,,"nointro,retroachievements"
6818,Sonic the Hedgehog: Genesis,Official,25,1,local,1,Sonic The Hedgehog - Genesis (USA),4,Sonic The Hedgehog - Genesis (USA),0,,"nointro,retroachievements"
6834,Lunar Legend,Official,57,1,local,1,Lunar Legend (USA),4,Lunar Legend (USA),0,,"nointro,retroachievements"
6845,Star Wars - Episode II: Attack of the Clones,Official,36,2,local,2,"Star Wars - Episode II - Attack of the Clones (Europe) (En,Fr,De,Es,It),Star Wars - Episode II - Attack of the Clones (USA)",8,"Star Wars - Episode II - Attack of the Clones (Europe) (En,Fr,De,Es,It),Star Wars - Episode II - Attack of the Clones (USA)",0,,"nointro,retroachievements"
6864,Bionicle Heroes,Official,69,1,local,1,"Bionicle Heroes (Europe) (En,Fr,De,Es,It,Da)",4,"Bionicle Heroes (Europe) (En,Fr,De,Es,It,Da)",0,,nointro
6876,Kao the Kangaroo,Official,42,2,local,2,"KAO the Kangaroo (USA) (En,Fr,De,Es,It,Nl),KAO the Kangaroo (Europe) (En,Fr,De,Es,It,Nl)",8,"KAO the Kangaroo (USA) (En,Fr,De,Es,It,Nl),KAO the Kangaroo (Europe) (En,Fr,De,Es,It,Nl)",0,,"nointro,retroachievements"
6878,Tang Tang,Official,21,1,local,1,"Tang Tang (Europe) (En,Fr,De,Es,It,Fi)",4,"Tang Tang (Europe) (En,Fr,De,Es,It,Fi)",0,,"nointro,retroachievements"
6879,"Monsters, Inc.",Official,23,1,local,1,"Monsters, Inc. (Europe) (En,Es,Nl)",4,"Monsters, Inc. (Europe) (En,Es,Nl)",0,,"nointro,retroachievements"
6917,Chicken Little,Official,42,1,local,1,"Chicken Little (USA, Europe) (En,Fr,De,Es,It,Nl)",4,"Chicken Little (USA, Europe) (En,Fr,De,Es,It,Nl)",0,,"nointro,retroachievements"
6927,Cartoon Network Speedway,Official,40,1,local,1,Cartoon Network Speedway (USA),4,Cartoon Network Speedway (USA),0,,"nointro,retroachievements"
6946,Bookworm,Official,56,1,local,1,Bookworm (USA),4,Bookworm (USA),0,,"nointro,retroachievements"
6947,I Spy Challenger!,Official,40,1,local,1,I Spy Challenger! (USA),4,I Spy Challenger! (USA),0,,"nointro,retroachievements"
6948,Nicktoons Racing,Official,36,1,local,1,Nicktoons Racing (USA),4,Nicktoons Racing (USA),0,,"nointro,retroachievements"
6949,Scrabble Blast!,Official,49,2,local,2,"Scrabble Blast! (USA),Scrabble Scramble! (Europe)",8,"Scrabble Blast! (USA),Scrabble Scramble! (Europe)",0,,"nointro,retroachievements"
6950,Jet Grind Radio,Official,68,2,local,2,"Jet Set Radio (Europe),Jet Grind Radio (USA)",8,"Jet Set Radio (Europe),Jet Grind Radio (USA)",0,,"nointro,retroachievements"
6953,The Legend of Spyro: The Eternal Night,Official,36,1,local,1,,0,,1,"Legend of Spyro, The - The Eternal Night (Europe) (En,Fr,De,Es,It,Nl)",retroachievements
6956,~Hack~ Final Fantasy I & II: Mod of Balance,Hack,71,1,local,1,,0,,0,,retroachievements
6986,Konjiki no Gash Bell!! Unare! Yuujou no Zakeru 2,Official,56,1,local,1,Konjiki no Gashbell!! - Unare! Yuujou no Zakeru 2 (Japan),4,Konjiki no Gashbell!! - Unare! Yuujou no Zakeru 2 (Japan),0,,"nointro,retroachievements"
7015,Zatch Bell! Electric Arena,Official,64,1,local,1,Zatchbell! - Electric Arena (USA),4,Zatchbell! - Electric Arena (USA),0,,"nointro,retroachievements"
7027,GT Advance 3: Pro Concept Racing,Official,62,2,local,2,"GT Advance 3 - Pro Concept Racing (USA),GT Advance 3 - Pro Concept Racing (Europe)",8,"GT Advance 3 - Pro Concept Racing (USA),GT Advance 3 - Pro Concept Racing (Europe)",0,,"nointro,retroachievements"
7029,Pink Panther: Pinkadelic Pursuit,Official,32,1,local,1,Pink Panther - Pinkadelic Pursuit (USA),4,Pink Panther - Pinkadelic Pursuit (USA),0,,nointro
7066,~Hack~ Fire Emblem: Void's Blitzarre Adventure,Hack,77,1,local,1,,0,,0,,retroachievements
7068,Lizzie McGuire: On the Go,Official,15,1,local,1,Lizzie McGuire - On the Go! (USA),4,Lizzie McGuire - On the Go! (USA),0,,nointro
7069,Monster Truck Madness,Official,43,1,local,1,"Monster Truck Madness (USA, Europe)",4,"Monster Truck Madness (USA, Europe)",0,,"nointro,retroachievements"
7079,Serious Sam Advance,Official,37,2,local,2,"Serious Sam Advance (USA) (En,Fr,De),Serious Sam Advance (Europe) (En,Fr,De)",8,"Serious Sam Advance (USA) (En,Fr,De),Serious Sam Advance (Europe) (En,Fr,De)",0,,"nointro,retroachievements"
7088,Need for Speed: Most Wanted,Official,33,1,local,1,"Need for Speed - Most Wanted (USA, Europe) (En,Fr,De,It)",4,"Need for Speed - Most Wanted (USA, Europe) (En,Fr,De,It)",0,,"nointro,retroachievements"
7091,Cinnamoroll: Koko ni Iru yo,Official,59,1,local,1,Cinnamoroll - Koko ni Iru yo (Japan),4,Cinnamoroll - Koko ni Iru yo (Japan),0,,"nointro,retroachievements"
7092,Disney Princess,Official,53,5,local,5,"Disney Principesse (Italy),Disney Princesas (Spain),Disney Princess (USA, Europe),Disney Princesse (France),Disneys Prinzessinnen (Germany)",20,"Disney Principesse (Italy),Disney Princesas (Spain),Disney Princess (USA, Europe),Disney Princesse (France),Disneys Prinzessinnen (Germany)",0,,"nointro,retroachievements"
7095,Shining Soul II,Official,52,1,local,1,"Shining Soul II (Europe) (En,Fr,De,Es,It)",4,"Shining Soul II (Europe) (En,Fr,De,Es,It)",0,,"nointro,retroachievements"
7099,Cinnamon: Fuwafuwa Daisakusen,Official,35,1,local,1,Cinnamon - Fuwafuwa Daisakusen (Japan),4,Cinnamon - Fuwafuwa Daisakusen (Japan),0,,"nointro,retroachievements"
7100,Cinnamon: Yume no Daibouken,Official,35,1,local,1,Cinnamon - Yume no Daibouken (Japan),4,Cinnamon - Yume no Daibouken (Japan),0,,"nointro,retroachievements"
7128,Elf: The Movie,Official,19,2,local,2,"Elf - The Movie (USA) (En,Fr,De,Es,It),Elf - The Movie (Europe) (En,Fr,De,Es,It)",8,"Elf - The Movie (USA) (En,Fr,De,Es,It),Elf - The Movie (Europe) (En,Fr,De,Es,It)",0,,"nointro,retroachievements"
7132,Quad Desert Fury,Official,11,1,local,1,"Quad Desert Fury (USA, Europe)",4,"Quad Desert Fury (USA, Europe)",0,,"nointro,retroachievements"
7152,Santa Claus Jr. Advance,Official,30,1,local,1,Santa Claus Jr. Advance (Europe),4,Santa Claus Jr. Advance (Europe),0,,"nointro,retroachievements"
7158,The Santa Clause 3: The Escape Clause,Official,30,2,local,2,"Santa Clause 3, The - The Escape Clause (USA)",4,"Santa Clause 3, The - The Escape Clause (USA)",0,,"nointro,retroachievements"
7159,The Polar Express,Official,24,1,local,1,"Polar Express, The (USA, Europe) (En,Fr,De,Es,It)",4,"Polar Express, The (USA, Europe) (En,Fr,De,Es,It)",0,,"nointro,retroachievements"
7181,Monster Rancher Advance 2,Official,103,1,local,1,Monster Rancher Advance 2 (USA),4,Monster Rancher Advance 2 (USA),0,,"nointro,retroachievements"
7191,The Lord of the Rings: The Return of the King,Official,57,1,local,1,"Lord of the Rings, The - The Return of the King (USA, Europe) (En,Fr,De,Es,It)",4,"Lord of the Rings, The - The Return of the King (USA, Europe) (En,Fr,De,Es,It)",0,,"nointro,retroachievements"
7202,The Lord of the Rings: The Two Towers,Official,44,1,local,1,"Lord of the Rings, The - The Two Towers (USA, Europe) (En,Fr,De,Es,It,Nl)",4,"Lord of the Rings, The - The Two Towers (USA, Europe) (En,Fr,De,Es,It,Nl)",0,,"nointro,retroachievements"
7211,Chocobo Land: A Game of Dice,Official,28,2,local,2,Chocobo Land - A Game of Dice (Japan),4,Chocobo Land - A Game of Dice (Japan),0,,"nointro,retroachievements"
7216,Charlotte's Web,Official,51,2,local,2,"Charlotte's Web (Europe) (En,Fr,De,Es,It),Charlotte's Web (USA) (En,Fr,De,Es,It)",8,"Charlotte's Web (Europe) (En,Fr,De,Es,It),Charlotte's Web (USA) (En,Fr,De,Es,It)",0,,"nointro,retroachievements"
7217,Gekido Advance: Kintaro's Revenge,Official,17,1,local,1,"Gekido Advance - Kintaro's Revenge (Europe) (En,Fr,De,Es,It)",4,"Gekido Advance - Kintaro's Revenge (Europe) (En,Fr,De,Es,It)",0,,"nointro,retroachievements"
7220,Catz,Official,34,1,local,1,"Catz (USA, Europe)",4,"Catz (USA, Europe)",0,,nointro
7221,Cars,Official,25,6,local,6,"Cars (Europe) (Es,Pt),Cars (USA, Europe),Cars (Japan),Cars (Germany),Cars (Europe) (Fr,Nl),Cars (Europe) (Sv,No,Da,Fi)",24,"Cars (Europe) (Es,Pt),Cars (USA, Europe),Cars (Japan),Cars (Germany),Cars (Europe) (Fr,Nl),Cars (Europe) (Sv,No,Da,Fi)",0,,"nointro,retroachievements"
7270,Densetsu no Stafy 3,Official,60,3,local,3,"Densetsu no Stafy 3 (Japan),Densetsu no Stafy 3 (Japan) (Rev 1)",8,"Densetsu no Stafy 3 (Japan),Densetsu no Stafy 3 (Japan) (Rev 1)",0,,"nointro,retroachievements"
7274,Pac-Man Pinball Advance,Official,37,1,local,1,Pac-Man Pinball Advance (USA),4,Pac-Man Pinball Advance (USA),0,,"nointro,retroachievements"
7299,Cars: Mater-National Championship,Official,34,1,local,1,"Cars - Mater-National Championship (Europe) (En,Fr,De,Es,It,Nl)",4,"Cars - Mater-National Championship (Europe) (En,Fr,De,Es,It,Nl)",0,,"nointro,retroachievements"
7306,Kotoba no Puzzle: Mojipittan Advance,Official,40,2,local,2,"Kotoba no Puzzle - Mojipittan Advance (Japan),Kotoba no Puzzle - Mojipittan Advance (Japan) (Virtual Console)",8,"Kotoba no Puzzle - Mojipittan Advance (Japan),Kotoba no Puzzle - Mojipittan Advance (Japan) (Virtual Console)",0,,"nointro,retroachievements"
7330,Lizzie McGuire 2: Lizzie Diaries,Official,15,1,local,1,"Lizzie McGuire 2 - Lizzie Diaries (USA) (En,Fr)",4,"Lizzie McGuire 2 - Lizzie Diaries (USA) (En,Fr)",0,,nointro
7336,Foster's Home for Imaginary Friends,Official,30,2,local,2,"Foster's Home for Imaginary Friends (USA),Foster's Home for Imaginary Friends (Europe)",8,"Foster's Home for Imaginary Friends (USA),Foster's Home for Imaginary Friends (Europe)",0,,"nointro,retroachievements"
7365,Medabots AX: Metabee Version,Official,34,2,local,2,"Medabots AX - Metabee Ver. (USA),Medabots AX - Metabee Ver. (Europe) (En,Fr,De,Es,It)",8,"Medabots AX - Metabee Ver. (USA),Medabots AX - Metabee Ver. (Europe) (En,Fr,De,Es,It)",0,,"nointro,retroachievements"
7367,Medabots: Rokusho Version,Official,36,1,local,1,Medabots - Rokusho (Europe),4,Medabots - Rokusho (Europe),0,,"nointro,retroachievements"
7374,Hot Wheels: Velocity X,Official,28,2,local,2,"Hot Wheels - Velocity X (USA),Hot Wheels - Velocity X (Europe)",8,"Hot Wheels - Velocity X (USA),Hot Wheels - Velocity X (Europe)",0,,"nointro,retroachievements"
7385,Tony Hawk's Underground,Official,38,1,local,1,"Tony Hawk's Underground (USA, Europe)",4,"Tony Hawk's Underground (USA, Europe)",0,,"nointro,retroachievements"
7427,Britney's Dance Beat,Official,14,1,local,1,Britney's Dance Beat (USA),4,Britney's Dance Beat (USA),0,,"nointro,retroachievements"
7437,Gradius Galaxies,Official,49,1,local,1,Gradius Generation (Japan),4,Gradius Generation (Japan),0,,"nointro,retroachievements"
7438,Broken Sword: The Shadow of the Templars,Official,50,3,local,2,"Broken Sword - The Shadow of the Templars (Europe) (En,Fr,De,Es,It),Broken Sword - The Shadow of the Templars (USA) (En,Fr,De,Es,It)",8,"Broken Sword - The Shadow of the Templars (Europe) (En,Fr,De,Es,It),Broken Sword - The Shadow of the Templars (USA) (En,Fr,De,Es,It)",0,,"nointro,retroachievements"
7442,Super Mario Advance 4: Super Mario Bros. 3 [Subset - World-e],Official,94,1,local,1,Super Mario Advance 4 - Super Mario Bros. 3 (USA) (Rev 1) (Virtual Console),4,Super Mario Advance 4 - Super Mario Bros. 3 (USA) (Rev 1) (Virtual Console),0,,"nointro,retroachievements"
7447,~Homebrew~ BulletGBA,Homebrew,34,1,local,1,,0,,0,,retroachievements
7451,bit Generations: Dotstream,Official,51,1,local,1,bit Generations - Dotstream (Japan) (En),4,bit Generations - Dotstream (Japan) (En),0,,"nointro,retroachievements"
7492,The Sims 2: Pets,Official,72,2,local,2,"Sims 2, The - Pets (USA, Europe),Sims 2, The - Pets (Europe) (En,Fr,De,Es,It,Nl)",8,"Sims 2, The - Pets (USA, Europe),Sims 2, The - Pets (Europe) (En,Fr,De,Es,It,Nl)",0,,"nointro,retroachievements"
7560,Bratz: Rock Angelz,Official,41,2,local,1,"Bratz - Rock Angelz (USA, Europe)",4,"Bratz - Rock Angelz (USA, Europe)",0,,nointro
7643,Advance Guardian Heroes,Official,48,1,local,1,Advance Guardian Heroes (USA),4,Advance Guardian Heroes (USA),0,,"nointro,retroachievements"
7644,Avatar: The Last Airbender,Official,46,1,local,1,"Avatar - The Legend of Aang (Europe) (En,Fr,De,Nl)",4,"Avatar - The Legend of Aang (Europe) (En,Fr,De,Nl)",0,,"nointro,retroachievements"
7679,Big Mutha Truckers,Official,35,1,local,1,"Big Mutha Truckers (Europe) (En,Fr,De,Es,It)",4,"Big Mutha Truckers (Europe) (En,Fr,De,Es,It)",0,,"nointro,retroachievements"
7697,SpongeBob SquarePants: Battle for Bikini Bottom,Official,43,1,local,1,"SpongeBob SquarePants - Battle for Bikini Bottom (Europe) (En,Fr,De)",4,"SpongeBob SquarePants - Battle for Bikini Bottom (Europe) (En,Fr,De)",0,,"nointro,retroachievements"
7698,SpongeBob SquarePants: Creature from the Krusty Krab,Official,40,2,local,2,"SpongeBob SquarePants - Creature from the Krusty Krab (USA),SpongeBob SquarePants - Creature from the Krusty Krab (Europe) (En,Fr,De,Es,It,Nl,Sv,Da)",8,"SpongeBob SquarePants - Creature from the Krusty Krab (USA),SpongeBob SquarePants - Creature from the Krusty Krab (Europe) (En,Fr,De,Es,It,Nl,Sv,Da)",0,,"nointro,retroachievements"
7727,Tony Hawk's Pro Skater 4,Official,43,1,local,1,"Tony Hawk's Pro Skater 4 (USA, Europe)",4,"Tony Hawk's Pro Skater 4 (USA, Europe)",0,,nointro
7729,Tak 2: The Staff of Dreams,Official,29,2,local,2,"Tak 2 - The Staff of Dreams (USA),Tak 2 - The Staff of Dreams (Europe) (En,Fr,De,Es,It)",8,"Tak 2 - The Staff of Dreams (USA),Tak 2 - The Staff of Dreams (Europe) (En,Fr,De,Es,It)",0,,nointro
7731,Wade Hixton's Counter Punch,Official,36,2,local,2,"Wade Hixton's Counter Punch (USA, Europe)",4,"Wade Hixton's Counter Punch (USA, Europe)",0,,"nointro,retroachievements"
7751,Tom Clancy's Rainbow Six Rogue Spear,Official,75,1,local,1,"Tom Clancy's Rainbow Six - Rogue Spear (USA) (En,Fr,De,Es,It)",4,"Tom Clancy's Rainbow Six - Rogue Spear (USA) (En,Fr,De,Es,It)",0,,"nointro,retroachievements"
7752,Need for Speed: Porsche Unleashed,Official,30,2,local,2,"Need for Speed - Porsche Unleashed (USA),Need for Speed - Porsche Unleashed (Europe) (En,Fr,De,Es,It)",8,"Need for Speed - Porsche Unleashed (USA),Need for Speed - Porsche Unleashed (Europe) (En,Fr,De,Es,It)",0,,"nointro,retroachievements"
7754,FIFA 07,Official,72,1,local,1,"FIFA Soccer 07 (USA, Europe) (En,Fr,De,Es)",4,"FIFA Soccer 07 (USA, Europe) (En,Fr,De,Es)",0,,"nointro,retroachievements"
7760,Gyakuten Saiban,Official,19,2,local,2,"Gyakuten Saiban (Japan),Gyakuten Saiban (Japan) (Rev 1)",8,"Gyakuten Saiban (Japan),Gyakuten Saiban (Japan) (Rev 1)",0,,"nointro,retroachievements"
7762,~Hack~ Fire Emblem: Gilmore Girls,Hack,9,1,local,1,,0,,0,,retroachievements
7766,Battle B-Daman,Official,61,1,local,1,Battle B-Daman (USA),4,Battle B-Daman (USA),0,,"nointro,retroachievements"
7767,Dr. Sudoku,Official,100,1,local,1,Dr. Sudoku (Europe),4,Dr. Sudoku (Europe),0,,"nointro,retroachievements"
7817,Barbie in The 12 Dancing Princesses,Official,20,1,local,1,"Barbie in the 12 Dancing Princesses (Europe) (En,Fr,De,Es,It)",4,"Barbie in the 12 Dancing Princesses (Europe) (En,Fr,De,Es,It)",0,,nointro
7825,~Hack~ Dragon Ball Z Team Training,Hack,83,1,local,1,,0,,0,,retroachievements
7854,X-Men: Reign of Apocalypse,Official,32,1,local,1,"X-Men - Reign of Apocalypse (USA, Europe)",4,"X-Men - Reign of Apocalypse (USA, Europe)",0,,"nointro,retroachievements"
7857,Gyakuten Saiban 3,Official,98,2,local,2,Gyakuten Saiban 3 (Japan),4,Gyakuten Saiban 3 (Japan),0,,"nointro,retroachievements"
7945,Guru Logic Champ,Official,23,1,local,1,Guru Logichamp (Japan),4,Guru Logichamp (Japan),0,,"nointro,retroachievements"
7959,The Barbie Diaries: High School Mystery,Official,18,2,local,2,"Barbie Diaries, The - High School Mystery (USA),Barbie Diaries, The - High School Mystery (Europe)",8,"Barbie Diaries, The - High School Mystery (USA),Barbie Diaries, The - High School Mystery (Europe)",0,,"nointro,retroachievements"
7973,Namco Museum: 50th Anniversary,Official,79,1,local,1,"Namco Museum - 50th Anniversary (Europe) (En,Fr,De,Es,It)",4,"Namco Museum - 50th Anniversary (Europe) (En,Fr,De,Es,It)",0,,"nointro,retroachievements"
8010,~Homebrew~ Flappy Bird,Homebrew,11,1,local,1,Flappy Bird (World) (Aftermarket) (Unl),4,Flappy Bird (World) (Aftermarket) (Unl),0,,"nointro,retroachievements"
8038,~Homebrew~ Sushi the Cat,Homebrew,7,1,local,1,Sushi the Cat (World) (Unl),4,Sushi the Cat (World) (Unl),0,,"nointro,retroachievements"
8042,Finding Nemo,Official,34,1,local,1,"Finding Nemo (USA, Europe)",4,"Finding Nemo (USA, Europe)",0,,"nointro,retroachievements"
8046,Army Men Advance,Official,17,2,local,2,"Army Men Advance (USA, Europe) (En,Fr,De,Es,It)",4,"Army Men Advance (USA, Europe) (En,Fr,De,Es,It)",0,,"nointro,retroachievements"
8064,Barbie as The Island Princess,Official,25,1,local,1,Barbie as The Island Princess (USA),4,Barbie as The Island Princess (USA),0,,"nointro,retroachievements"
8065,Teenage Mutant Ninja Turtles 2: Battle Nexus,Official,57,4,local,4,Teenage Mutant Ninja Turtles 2 - Battle Nexus (USA),4,Teenage Mutant Ninja Turtles 2 - Battle Nexus (USA),0,,"nointro,retroachievements"
8066,Barbie and the Magic of Pegasus,Official,20,2,local,2,"Barbie and the Magic of Pegasus (Europe) (En,Fr,De,Es,It,Nl),Barbie and the Magic of Pegasus (USA)",8,"Barbie and the Magic of Pegasus (Europe) (En,Fr,De,Es,It,Nl),Barbie and the Magic of Pegasus (USA)",0,,"nointro,retroachievements"
8075,Barbie: The Princess and the Pauper,Official,12,1,local,1,Barbie - The Princess and the Pauper (USA),4,Barbie - The Princess and the Pauper (USA),0,,"nointro,retroachievements"
8149,Jurassic Park Institute Tour: Dinosaur Rescue,Official,15,1,local,1,Jurassic Park Institute Tour - Dinosaur Rescue (Japan),4,Jurassic Park Institute Tour - Dinosaur Rescue (Japan),0,,"nointro,retroachievements"
8162,GT Advance 2: Rally Racing,Official,95,2,local,2,"GT Advance 2 - Rally Racing (Europe),GT Advance 2 - Rally Racing (USA)",8,"GT Advance 2 - Rally Racing (Europe),GT Advance 2 - Rally Racing (USA)",0,,"nointro,retroachievements"
8184,"Ed, Edd n Eddy: The Mis-Edventures",Official,22,1,local,1,"Ed, Edd n Eddy - The Mis-Edventures (USA) (En,Fr)",4,"Ed, Edd n Eddy - The Mis-Edventures (USA) (En,Fr)",0,,"nointro,retroachievements"
8185,Backyard Hockey,Official,35,1,local,1,Backyard Hockey (USA),4,Backyard Hockey (USA),0,,nointro
8206,Spider-Man 3,Official,51,1,local,1,Spider-Man 3 (USA),4,Spider-Man 3 (USA),0,,"nointro,retroachievements"
8207,Heidi: The Game,Official,20,1,local,1,"Heidi - The Game (Europe) (En,Fr,De,Es,It)",4,"Heidi - The Game (Europe) (En,Fr,De,Es,It)",0,,"nointro,retroachievements"
8208,~Homebrew~ Waimanu: Grinding Blocks Adventure,Homebrew,18,1,local,1,Waimanu - Grinding Blocks Adventure (World) (NEO Coding Compo 2013) (Aftermarket) (Unl),4,Waimanu - Grinding Blocks Adventure (World) (NEO Coding Compo 2013) (Aftermarket) (Unl),0,,"nointro,retroachievements"
8209,GT Advance: Championship Racing,Official,53,1,local,1,Advance GTA (Japan) (En) (Rev 1),4,Advance GTA (Japan) (En) (Rev 1),0,,"nointro,retroachievements"
8260,FIFA 06,Official,51,1,local,1,"FIFA Soccer 06 (USA, Europe) (En,Fr,De,Es,It,Nl)",4,"FIFA Soccer 06 (USA, Europe) (En,Fr,De,Es,It,Nl)",0,,"nointro,retroachievements"
8301,Magical Vacation,Official,101,1,local,1,,0,,0,,retroachievements
8315,Dragon Quest Monsters: Caravan Heart,Official,63,1,local,1,,0,,0,,retroachievements
8324,Medal of Honor: Underground,Official,60,1,local,1,Medal of Honor - Underground (USA),4,Medal of Honor - Underground (USA),0,,"nointro,retroachievements"
8377,Finding Nemo: The Continuing Adventures,Official,52,1,local,1,"Finding Nemo - The Continuing Adventures (Europe) (En,Es,It,Sv,Da)",4,"Finding Nemo - The Continuing Adventures (Europe) (En,Es,It,Sv,Da)",0,,"nointro,retroachievements"
8378,Magical Quest 2 Starring Mickey & Minnie,Official,26,2,local,2,"Magical Quest 2 Starring Mickey & Minnie (USA) (En,Fr,De),Magical Quest 2 Starring Mickey & Minnie (Europe) (En,Fr,De)",8,"Magical Quest 2 Starring Mickey & Minnie (USA) (En,Fr,De),Magical Quest 2 Starring Mickey & Minnie (Europe) (En,Fr,De)",0,,"nointro,retroachievements"
8398,Robopon 2: Cross Version,Official,42,1,local,1,Robopon 2 - Cross Version (USA),4,Robopon 2 - Cross Version (USA),0,,"nointro,retroachievements"
8404,American Idol,Official,23,1,local,1,American Idol (USA),4,American Idol (USA),0,,"nointro,retroachievements"
8416,Puyo Pop,Official,21,1,local,1,"Puyo Pop (Europe) (En,Ja)",4,"Puyo Pop (Europe) (En,Ja)",0,,"nointro,retroachievements"
8561,Winx Club,Official,42,1,local,1,WinX Club (USA),4,WinX Club (USA),0,,nointro
8582,Tomb Raider: The Prophecy,Official,12,2,local,2,"Lara Croft Tomb Raider - The Prophecy (Europe) (En,Fr,De,Es,It),Lara Croft Tomb Raider - The Prophecy (USA) (En,Fr,De,Es,It)",8,"Lara Croft Tomb Raider - The Prophecy (Europe) (En,Fr,De,Es,It),Lara Croft Tomb Raider - The Prophecy (USA) (En,Fr,De,Es,It)",0,,"nointro,retroachievements"
8587,Turbo Turtle Adventure,Official,23,1,local,1,Turbo Turtle Adventure (USA),4,Turbo Turtle Adventure (USA),0,,"nointro,retroachievements"
8644,Need for Speed: Underground 2,Official,43,1,local,1,"Need for Speed - Underground 2 (USA, Europe) (En,Fr,De,It)",4,"Need for Speed - Underground 2 (USA, Europe) (En,Fr,De,It)",0,,"nointro,retroachievements"
8652,The Adventures of Jimmy Neutron: Boy Genius vs. Jimmy Negatron,Official,40,1,local,1,"Adventures of Jimmy Neutron Boy Genius vs. Jimmy Negatron, The (USA, Europe)",4,"Adventures of Jimmy Neutron Boy Genius vs. Jimmy Negatron, The (USA, Europe)",0,,nointro
8673,Classic NES Series: Excitebike,Official,42,1,local,1,"Classic NES Series - Excitebike (USA, Europe)",4,"Classic NES Series - Excitebike (USA, Europe)",0,,"nointro,retroachievements"
8677,Classic NES Series: Donkey Kong,Official,20,1,local,1,"Classic NES Series - Donkey Kong (USA, Europe)",4,"Classic NES Series - Donkey Kong (USA, Europe)",0,,"nointro,retroachievements"
8679,Magical Quest Starring Mickey & Minnie,Official,28,1,local,1,"Magical Quest Starring Mickey & Minnie (Europe) (En,Fr,De,Es,It)",4,"Magical Quest Starring Mickey & Minnie (Europe) (En,Fr,De,Es,It)",0,,"nointro,retroachievements"
8701,Classic NES Series: Castlevania,Official,26,2,local,2,Classic NES Series - Castlevania (USA),4,Classic NES Series - Castlevania (USA),1,Classic NES Series - Castlevania (USA),"nointro,retroachievements"
8799,bit Generations: Soundvoyager,Official,15,1,local,1,bit Generations - Soundvoyager (Japan) (En),4,bit Generations - Soundvoyager (Japan) (En),0,,nointro
8817,bit Generations: Orbital,Official,42,1,local,1,bit Generations - Orbital (Japan) (En),4,bit Generations - Orbital (Japan) (En),0,,"nointro,retroachievements"
8869,bit Generations: Dialhex,Official,17,1,local,1,bit Generations - Dialhex (Japan) (En),4,bit Generations - Dialhex (Japan) (En),0,,"nointro,retroachievements"
8878,bit Generations: Coloris,Official,21,1,local,1,bit Generations - Coloris (Japan) (En),4,bit Generations - Coloris (Japan) (En),0,,nointro
8915,Dora the Explorer: Dora's World Adventure,Official,18,1,local,1,Dora the Explorer - Dora's World Adventure! (USA),4,Dora the Explorer - Dora's World Adventure! (USA),0,,"nointro,retroachievements"
9008,Bionicle,Official,28,1,local,1,Bionicle (USA),4,Bionicle (USA),0,,"nointro,retroachievements"
9045,~Hack~ Pokémon Edicion Naranja,Hack,29,1,local,1,,0,,0,,retroachievements
9051,Tweety & the Magic Gems,Official,56,2,local,2,"Tweety no Hearty Party (Japan),Tweety and the Magic Gems (Europe)",8,"Tweety no Hearty Party (Japan),Tweety and the Magic Gems (Europe)",0,,"nointro,retroachievements"
9052,Atomic Betty,Official,19,1,local,1,"Atomic Betty (USA, Europe)",4,"Atomic Betty (USA, Europe)",0,,"nointro,retroachievements"
9054,Fortress,Official,29,1,local,1,"Fortress (USA, Europe)",4,"Fortress (USA, Europe)",0,,nointro
9057,Atlantis: The Lost Empire,Official,23,1,local,1,"Atlantis - The Lost Empire (Europe) (En,Fr,De,Es,It,Nl)",4,"Atlantis - The Lost Empire (Europe) (En,Fr,De,Es,It,Nl)",0,,"nointro,retroachievements"
9088,Ty the Tasmanian Tiger 3: Night of the Quinkan,Official,54,1,local,1,Ty the Tasmanian Tiger 3 - Night of the Quinkan (USA),4,Ty the Tasmanian Tiger 3 - Night of the Quinkan (USA),0,,"nointro,retroachievements"
9099,Postman Pat and the Greendale Rocket,Official,21,1,local,1,"Postman Pat and the Greendale Rocket (Europe) (En,No,Da)",4,"Postman Pat and the Greendale Rocket (Europe) (En,No,Da)",0,,"nointro,retroachievements"
9205,Shin Megami Tensei,Official,138,2,local,2,Shin Megami Tensei (Japan),4,Shin Megami Tensei (Japan),0,,"nointro,retroachievements"
9208,Sea Trader: Rise of Taipan,Official,21,1,local,1,Sea Trader - Rise of Taipan (USA),4,Sea Trader - Rise of Taipan (USA),0,,"nointro,retroachievements"
9222,~Homebrew~ Misfortune Advance,Homebrew,11,1,local,1,Misfortune Advance (World) (Aftermarket) (Unl),4,Misfortune Advance (World) (Aftermarket) (Unl),0,,"nointro,retroachievements"
9226,Wolfenstein 3D,Official,28,1,local,1,"Wolfenstein 3D (USA, Europe)",4,"Wolfenstein 3D (USA, Europe)",0,,"nointro,retroachievements"
9284,Pirates of the Caribbean: Dead Man's Chest,Official,25,1,local,1,"Pirates of the Caribbean - Dead Man's Chest (USA, Europe) (En,Fr,De,Es,It)",4,"Pirates of the Caribbean - Dead Man's Chest (USA, Europe) (En,Fr,De,Es,It)",0,,"nointro,retroachievements"
9293,LEGO Bionicle,Official,35,2,local,2,"LEGO Bionicle (USA) (En,Fr),LEGO Bionicle (Europe) (En,Fr,De,Es,It,Nl,Sv,Da)",8,"LEGO Bionicle (USA) (En,Fr),LEGO Bionicle (Europe) (En,Fr,De,Es,It,Nl,Sv,Da)",0,,"nointro,retroachievements"
9295,Hi Hi Puffy AmiYumi: Kaznapped!,Official,51,1,local,1,"Hi Hi Puffy AmiYumi - Kaznapped! (Europe) (En,De)",4,"Hi Hi Puffy AmiYumi - Kaznapped! (Europe) (En,De)",0,,"nointro,retroachievements"
9296,Hot Wheels: World Race,Official,36,1,local,1,Hot Wheels - World Race (USA),4,Hot Wheels - World Race (USA),0,,"nointro,retroachievements"
9300,Nancy Drew: Message in a Haunted Mansion,Official,20,1,local,1,Nancy Drew - Message in a Haunted Mansion (USA),4,Nancy Drew - Message in a Haunted Mansion (USA),0,,"nointro,retroachievements"
9301,Frogger's Adventures: Temple of the Frog,Official,26,2,local,2,"Frogger's Adventures - Temple of the Frog (USA) (En,Fr,De,Es,It),Frogger's Adventures - Temple of the Frog (Europe) (En,Fr,De,Es,It)",8,"Frogger's Adventures - Temple of the Frog (USA) (En,Fr,De,Es,It),Frogger's Adventures - Temple of the Frog (Europe) (En,Fr,De,Es,It)",0,,"nointro,retroachievements"
9326,Virtual Kasparov,Official,47,1,local,1,"Virtual Kasparov (USA) (En,Fr,De,Es,It)",4,"Virtual Kasparov (USA) (En,Fr,De,Es,It)",0,,"nointro,retroachievements"
9331,~Homebrew~ Butano Fighter,Homebrew,15,1,local,1,Butano Fighter (World) (Aftermarket) (Unl),4,Butano Fighter (World) (Aftermarket) (Unl),0,,"nointro,retroachievements"
9339,The Scorpion King: Sword of Osiris,Official,27,2,local,2,"Scorpion King, The - Sword of Osiris (USA),Scorpion King, The - Sword of Osiris (Europe) (En,Fr,De,Es,It)",8,"Scorpion King, The - Sword of Osiris (USA),Scorpion King, The - Sword of Osiris (Europe) (En,Fr,De,Es,It)",0,,"nointro,retroachievements"
9358,Frogger Advance: The Great Quest,Official,13,1,local,1,"Frogger Advance - The Great Quest (Europe) (En,Fr,De,Es,It)",4,"Frogger Advance - The Great Quest (Europe) (En,Fr,De,Es,It)",0,,"nointro,retroachievements"
9360,Hey Arnold! The Movie,Official,30,1,local,1,Hey Arnold! - The Movie (USA),4,Hey Arnold! - The Movie (USA),0,,nointro
9364,Ripping Friends: The World's Most Manly Men!,Official,15,1,local,1,"Ripping Friends, The - The World's Most Manly Men! (USA, Europe)",4,"Ripping Friends, The - The World's Most Manly Men! (USA, Europe)",0,,"nointro,retroachievements"
9367,Rayman: Hoodlum's Revenge,Official,70,2,local,2,"Rayman - Hoodlums' Revenge (Europe) (En,Fr,De,Es,It,Nl),Rayman - Hoodlum's Revenge (USA) (En,Fr,Es)",8,"Rayman - Hoodlums' Revenge (Europe) (En,Fr,De,Es,It,Nl),Rayman - Hoodlum's Revenge (USA) (En,Fr,Es)",0,,"nointro,retroachievements"
9374,~Hack~ Castlevania: Revenge of the Findesiecle,Hack,102,1,local,1,,0,,0,,retroachievements
9383,Super Robot Taisen: Original Generation 2,Official,48,2,local,2,Super Robot Taisen - Original Generation 2 (USA),4,Super Robot Taisen - Original Generation 2 (USA),0,,"nointro,retroachievements"
9544,~Homebrew~ Varooom 3D,Homebrew,22,1,local,1,Varooom 3D (World) (GBA Jam 2021) (Aftermarket) (Unl),4,Varooom 3D (World) (GBA Jam 2021) (Aftermarket) (Unl),0,,"nointro,retroachievements"
9552,World Championship Poker,Official,66,1,local,1,"World Championship Poker (Europe) (En,Fr,De,Es,It)",4,"World Championship Poker (Europe) (En,Fr,De,Es,It)",0,,"nointro,retroachievements"
9574,Lode Runner Advance,Official,41,1,local,1,Lode Runner (Japan),4,Lode Runner (Japan),0,,nointro
9595,~Hack~ Pokémon Adventure: Red Chapter,Hack,173,1,local,1,,0,,0,,retroachievements
9596,Hamtaro: Rainbow Rescue,Official,97,1,local,1,"Hamtaro - Rainbow Rescue (Europe) (En,Fr,De,Es,It)",4,"Hamtaro - Rainbow Rescue (Europe) (En,Fr,De,Es,It)",0,,"nointro,retroachievements"
9616,"SpongeBob SquarePants: Lights, Camera, Pants!",Official,48,1,local,1,"SpongeBob SquarePants - Lights, Camera, Pants! (USA)",4,"SpongeBob SquarePants - Lights, Camera, Pants! (USA)",0,,"nointro,retroachievements"
9620,Ratatouille,Official,37,4,local,4,"Ratatouille (Europe) (Es,Pt),Ratatouille (Europe) (Fr,De,Nl),Ratatouille (Europe) (En,It,Sv,No,Da),Ratatouille (USA)",16,"Ratatouille (Europe) (Es,Pt),Ratatouille (Europe) (Fr,De,Nl),Ratatouille (Europe) (En,It,Sv,No,Da),Ratatouille (USA)",0,,"nointro,retroachievements"
9641,Boulder Dash EX,Official,54,3,local,3,"Boulder Dash EX (Japan),Boulder Dash EX (Europe) (En,Fr,De),Boulder Dash EX (USA)",12,"Boulder Dash EX (Japan),Boulder Dash EX (Europe) (En,Fr,De),Boulder Dash EX (USA)",0,,"nointro,retroachievements"
9664,LEGO Racers 2,Official,22,1,local,1,"LEGO Racers 2 (Europe) (En,Fr,De,Es,It,Nl,Sv,Da)",4,"LEGO Racers 2 (Europe) (En,Fr,De,Es,It,Nl,Sv,Da)",0,,"nointro,retroachievements"
9704,Hachiemon,Official,42,1,local,1,Hachiemon (Japan),4,Hachiemon (Japan),0,,"nointro,retroachievements"
9718,Kim Possible: Revenge of Monkey Fist,Official,26,2,local,2,"Kim Possible (Europe) (En,Fr,De,Es) (Rev 1),Kim Possible - Revenge of Monkey Fist (USA)",8,"Kim Possible (Europe) (En,Fr,De,Es) (Rev 1),Kim Possible - Revenge of Monkey Fist (USA)",0,,"nointro,retroachievements"
9720,Drake & Josh,Official,35,1,local,1,"Drake & Josh (USA) (En,Fr)",4,"Drake & Josh (USA) (En,Fr)",0,,"nointro,retroachievements"
9746,Over the Hedge,Official,24,1,local,1,Over the Hedge (USA),4,Over the Hedge (USA),0,,"nointro,retroachievements"
9766,Angelic Layer,Official,46,1,local,1,Kidou Tenshi Angelic Layer - Misaki to Yume no Tenshi-tachi (Japan),4,Kidou Tenshi Angelic Layer - Misaki to Yume no Tenshi-tachi (Japan),0,,"nointro,retroachievements"
9768,Shrek 2: Beg for Mercy!,Official,23,1,local,1,"Shrek 2 - Beg for Mercy (USA, Europe)",4,"Shrek 2 - Beg for Mercy (USA, Europe)",0,,nointro
9802,Tomato Adventure,Official,166,1,local,1,,0,,0,,retroachievements
9803,Tonka: On the Job,Official,59,1,local,1,Tonka - On the Job (USA),4,Tonka - On the Job (USA),0,,"nointro,retroachievements"
9815,Oddworld: Munch's Oddysee,Official,35,1,local,1,"Oddworld - Munch's Oddysee (USA, Europe)",4,"Oddworld - Munch's Oddysee (USA, Europe)",0,,"nointro,retroachievements"
9829,Ice Age,Official,25,3,local,3,"Ice Age (Japan),Ice Age (USA) (En,Fr,Es),Ice Age (Europe) (En,Fr,De,Es,It)",12,"Ice Age (Japan),Ice Age (USA) (En,Fr,Es),Ice Age (Europe) (En,Fr,De,Es,It)",0,,"nointro,retroachievements"
9842,~Hack~ Super Metroid: GBA Edition,Hack,46,2,local,2,,0,,0,,retroachievements
9848,Action Man: Robot Atak,Official,51,1,local,1,"Action Man - Robot Atak (Europe) (En,Fr,De,Es,It)",4,"Action Man - Robot Atak (Europe) (En,Fr,De,Es,It)",0,,"nointro,retroachievements"
9864,Mucha Lucha! Mascaritas of the Lost Code,Official,34,1,local,1,"Mucha Lucha! - Mascaritas of the Lost Code (USA) (En,Fr,Es)",4,"Mucha Lucha! - Mascaritas of the Lost Code (USA) (En,Fr,Es)",0,,"nointro,retroachievements"
9877,~Hack~ Pokémon Theta Emerald Renev,Hack,138,1,local,1,,0,,0,,retroachievements
9946,Soccer Mania,Official,23,1,local,1,"Soccer Mania (USA, Europe) (En,Fr,De,Es,It,Nl,Sv,Da)",4,"Soccer Mania (USA, Europe) (En,Fr,De,Es,It,Nl,Sv,Da)",0,,"nointro,retroachievements"
9949,Mahjong Keiji,Official,40,1,local,1,Mahjong Keiji (Japan),4,Mahjong Keiji (Japan),0,,"nointro,retroachievements"
9957,The Pinball of the Dead,Official,44,1,local,1,"Pinball of the Dead, The (USA)",4,"Pinball of the Dead, The (USA)",0,,"nointro,retroachievements"
9977,~Hack~ ~Demo~ Zelda: Sacred Paradox,Hack/Demo,16,1,local,1,,0,,0,,retroachievements
10111,Metroid Fusion [Subset - Japanese Content],Official,91,1,local,1,Metroid Fusion (Japan),4,Metroid Fusion (Japan),0,,"nointro,retroachievements"
10577,~Homebrew~ ~Demo~ Goodboy Galaxy: Chapter Zero,Homebrew/Demo,9,7,local,7,,0,,7,"Goodboy Galaxy - Chapter Zero (World) (En) (v1.0.6) (Demo) (Aftermarket) (Unl),Goodboy Galaxy - Chapter Zero (World) (Ja) (v1.0.6) (Demo) (Aftermarket) (Unl),Goodboy Galaxy - Chapter Zero (World) (Fr) (v1.0.6) (Demo) (Aftermarket) (Unl),Goodboy Galaxy - Chapter Zero (World) (Es) (v1.0.6) (Demo) (Aftermarket) (Unl),Goodboy Galaxy - Chapter Zero (World) (Zh) (v1.0.6) (Demo) (Aftermarket) (Unl),Goodboy Galaxy - Chapter Zero (World) (Pt) (v1.0.6) (Demo) (Aftermarket) (Unl),Goodboy Galaxy - Chapter Zero (World) (Ar) (v1.0.6) (Demo) (Aftermarket) (Unl)","nointro,retroachievements"
10775,Hamepane: Tokyo Mew Mew,Official,12,1,local,1,Hamepane - Tokyo Mew Mew (Japan),4,Hamepane - Tokyo Mew Mew (Japan),0,,"nointro,retroachievements"
10897,Hajime no Ippo: The Fighting,Official,46,1,local,1,,0,,0,,retroachievements
11156,Famicom Mini Vol. 24: Hikari Shinwa - Palutena no Kagami,Official,24,1,local,1,Famicom Mini 24 - Hikari Shinwa - Palthena no Kagami (Japan),4,Famicom Mini 24 - Hikari Shinwa - Palthena no Kagami (Japan),0,,"nointro,retroachievements"
11587,Brother Bear,Official,25,3,local,3,"Brother Bear (USA),Brother Bear (Europe),Brother Bear (Europe) (Fr,De,Es,It,Nl,Sv,Da)",12,"Brother Bear (USA),Brother Bear (Europe),Brother Bear (Europe) (Fr,De,Es,It,Nl,Sv,Da)",0,,"nointro,retroachievements"
11613,~Hack~ Pokémon Vega,Hack,77,1,local,1,,0,,0,,retroachievements
11661,Need for Speed: Underground,Official,33,1,local,1,"Need for Speed - Underground (USA, Europe) (En,Fr,De,It)",4,"Need for Speed - Underground (USA, Europe) (En,Fr,De,It)",0,,nointro
11675,Astérix & Obélix XXL,Official,77,1,local,1,"Asterix & Obelix XXL (Europe) (En,Fr,De,Es,It,Nl)",4,"Asterix & Obelix XXL (Europe) (En,Fr,De,Es,It,Nl)",0,,"nointro,retroachievements"
11737,~Hack~ Iron Emblem,Hack,56,1,local,1,,0,,0,,retroachievements
11777,Need for Speed: Carbon - Own the City,Official,19,1,local,1,"Need for Speed - Carbon - Own the City (USA, Europe) (En,Fr,De,Es,It)",4,"Need for Speed - Carbon - Own the City (USA, Europe) (En,Fr,De,Es,It)",0,,"nointro,retroachievements"
11843,Game Boy Advance Video Series,Official,90,35,local,35,,0,,0,,retroachievements
12713,Hamtaro: Ham-Ham Games,Official,31,1,local,1,"Hamtaro - Ham-Ham Games (Europe) (En,Fr,De,Es,It)",4,"Hamtaro - Ham-Ham Games (Europe) (En,Fr,De,Es,It)",0,,"nointro,retroachievements"
12714,Happy Feet,Official,24,1,local,1,,0,,1,"Happy Feet (USA) (En,Fr)",retroachievements
12748,~Prototype~ Resident Evil 2,Prototype,11,1,local,1,Resident Evil 2 (Unknown) (Proto),4,Resident Evil 2 (Unknown) (Proto),0,,"nointro,retroachievements"
12786,Dora the Explorer: The Search for Pirate Pig's Treasure,Official,37,1,local,1,Dora the Explorer - The Search for the Pirate Pig's Treasure (USA),4,Dora the Explorer - The Search for the Pirate Pig's Treasure (USA),0,,"nointro,retroachievements"
12788,Dora the Explorer: Super Star Adventures,Official,23,1,local,1,Dora the Explorer - Super Star Adventures! (USA),4,Dora the Explorer - Super Star Adventures! (USA),0,,nointro
12794,Gyakuten Saiban 2,Official,18,1,local,1,Gyakuten Saiban 2 (Japan),4,Gyakuten Saiban 2 (Japan),0,,"nointro,retroachievements"
12820,Yoshi Topsy-Turvy,Official,28,2,local,2,Yoshi Topsy-Turvy (USA),4,Yoshi Topsy-Turvy (USA),0,,"nointro,retroachievements"
12833,Open Season,Official,43,2,local,2,"Open Season (Europe) (En,Fr,De,Es,It,Sv,No,Da,Fi),Open Season (USA) (En,Fr,Es)",8,"Open Season (Europe) (En,Fr,De,Es,It,Sv,No,Da,Fi),Open Season (USA) (En,Fr,Es)",0,,"nointro,retroachievements"
12877,Rescue Heroes: Billy Blazes!,Official,44,1,local,1,Rescue Heroes - Billy Blazes! (USA),4,Rescue Heroes - Billy Blazes! (USA),0,,"nointro,retroachievements"
12899,The Legend of Zelda: A Link to the Past & Four Swords [Subset - Bonus],Official,30,1,local,1,,0,,0,,retroachievements
12920,Smashing Drive,Official,7,1,local,1,"Smashing Drive (Europe) (En,Fr,De,Es,It)",4,"Smashing Drive (Europe) (En,Fr,De,Es,It)",0,,"nointro,retroachievements"
12924,Gumby vs. the Astrobots,Official,19,1,local,1,Gumby vs. the Astrobots (USA),4,Gumby vs. the Astrobots (USA),0,,"nointro,retroachievements"
12957,Madagascar: Operation Penguin,Official,43,1,local,1,Madagascar - Operation Penguin (USA),4,Madagascar - Operation Penguin (USA),0,,"nointro,retroachievements"
12958,Micro Machines,Official,46,1,local,1,"Micro Machines (Europe) (En,Fr,De,Es,It)",4,"Micro Machines (Europe) (En,Fr,De,Es,It)",0,,"nointro,retroachievements"
12962,~Hack~ Metroid: Subzero,Hack,24,1,local,1,,0,,0,,retroachievements
12963,3 Game Pack!: The Game of Life + Payday + Yahtzee,Official,25,1,local,1,3 Game Pack! - The Game of Life + Payday + Yahtzee (USA),4,3 Game Pack! - The Game of Life + Payday + Yahtzee (USA),0,,"nointro,retroachievements"
12965,Famicom Mini Vol. 08: Mappy,Official,17,1,local,1,Famicom Mini 08 - Mappy (Japan) (En),4,Famicom Mini 08 - Mappy (Japan) (En),0,,nointro
12971,Famicom Mini Vol. 16: Dig Dug,Official,23,1,local,1,Famicom Mini 16 - Dig Dug (Japan),4,Famicom Mini 16 - Dig Dug (Japan),0,,"nointro,retroachievements"
13048,Rugrats: I Gotta Go Party,Official,34,1,local,1,"Rugrats - I Gotta Go Party (USA, Europe)",4,"Rugrats - I Gotta Go Party (USA, Europe)",0,,"nointro,retroachievements"
13110,Car Battler Joe,Official,28,1,local,1,Car Battler Joe (USA),4,Car Battler Joe (USA),0,,"nointro,retroachievements"
13126,Snood 2: On Vacation,Official,29,2,local,2,"Snood 2 - On Vacation (Europe) (En,Fr,De,Es,It),Snood 2 - On Vacation (USA)",8,"Snood 2 - On Vacation (Europe) (En,Fr,De,Es,It),Snood 2 - On Vacation (USA)",0,,"nointro,retroachievements"
13127,3-In-1 Pack: Risk + Battleship + Clue,Official,24,1,local,1,Three-in-One Pack - Risk + Battleship + Clue (USA),4,Three-in-One Pack - Risk + Battleship + Clue (USA),0,,"nointro,retroachievements"
13204,FIFA 2005,Official,41,1,local,1,"FIFA Soccer 2005 (USA, Europe) (En,Fr,De,Es,It,Nl)",4,"FIFA Soccer 2005 (USA, Europe) (En,Fr,De,Es,It,Nl)",0,,"nointro,retroachievements"
13425,Play Novel: Silent Hill,Official,15,2,local,2,Play Novel - Silent Hill (Japan),4,Play Novel - Silent Hill (Japan),0,,"nointro,retroachievements"
13464,The Hobbit: The Prelude to the Lord of the Rings,Official,44,1,local,1,"Hobbit, The - The Prelude to the Lord of the Rings (Europe) (En,Fr,De,Es,It)",4,"Hobbit, The - The Prelude to the Lord of the Rings (Europe) (En,Fr,De,Es,It)",0,,"nointro,retroachievements"
13634,Fullmetal Alchemist: Meisou no Rondo,Official,61,2,local,2,Hagane no Renkinjutsushi - Meisou no Rondo (Japan),4,Hagane no Renkinjutsushi - Meisou no Rondo (Japan),0,,"nointro,retroachievements"
13635,~Unlicensed~ Rockman & Crystal,Unlicensed,36,1,local,1,Rockman & Crystal (USA) (Unl),4,Rockman & Crystal (USA) (Unl),0,,"nointro,retroachievements"
13772,Kururin Paradise,Official,69,3,local,3,Kururin Paradise (Japan),4,Kururin Paradise (Japan),0,,"nointro,retroachievements"
13941,Magi Nation,Official,80,2,local,2,Magi Nation (Japan),4,Magi Nation (Japan),0,,"nointro,retroachievements"
14087,The Lion King 1½,Official,61,1,local,1,"Lion King, The (Europe) (En,Fr,De,Es,It,Nl,Sv,Da)",4,"Lion King, The (Europe) (En,Fr,De,Es,It,Nl,Sv,Da)",0,,nointro
14163,Beyblade V-Force: Ultimate Blader Jam,Official,32,1,local,1,"Beyblade V-Force - Ultimate Blader Jam (Europe) (En,Fr,De,Es,It)",4,"Beyblade V-Force - Ultimate Blader Jam (Europe) (En,Fr,De,Es,It)",0,,"nointro,retroachievements"
14177,~Hack~ Castlevania: Aria of Sorrow - Persephone,Hack,46,2,local,2,,0,,0,,retroachievements
14230,Samurai Deeper Kyo,Official,38,1,local,1,Samurai Deeper Kyo (USA),4,Samurai Deeper Kyo (USA),0,,nointro
14362,Sonic Battle [Subset - Completionist],Official,22,1,local,1,,0,,0,,retroachievements
14392,~Homebrew~ Super Mario: The Last GBA Quest,Homebrew,30,1,local,1,,0,,0,,retroachievements
14399,Slime Morimori Dragon Quest: Shougeki no Shippo Dan,Official,60,1,local,1,Slime Morimori Dragon Quest - Shougeki no Shippo Dan (Japan),4,Slime Morimori Dragon Quest - Shougeki no Shippo Dan (Japan),0,,"nointro,retroachievements"
14408,~Hack~ Pokémon FireRed: Rocket Edition,Hack,42,2,local,2,,0,,0,,retroachievements
14458,~Homebrew~ Battle Picross,Homebrew,60,1,local,1,Battle Picross (World) (Unl),4,Battle Picross (World) (Unl),0,,"nointro,retroachievements"
14466,~Homebrew~ Sudoku Micro,Homebrew,20,1,local,1,,0,,0,,retroachievements
14483,~Hack~ Pokémon: Orange Islands,Hack,49,1,local,1,,0,,0,,retroachievements
14655,~Hack~ A Grand Day Out,Hack,7,1,local,1,,0,,0,,retroachievements
14776,~Hack~ Pokémon Dreams,Hack,104,1,local,1,,0,,0,,retroachievements
14777,~Homebrew~ Luminesweeper,Homebrew,22,1,local,1,,0,,0,,retroachievements
14851,Spider-Man: Battle for New York,Official,47,1,local,1,Spider-Man - Battle for New York (USA),4,Spider-Man - Battle for New York (USA),0,,"nointro,retroachievements"
15470,Naruto RPG: Uketsugareshi Hi no Ishi,Official,69,1,local,1,Naruto RPG - Uketsugareshi Hi no Ishi (Japan) (Rev 1),4,Naruto RPG - Uketsugareshi Hi no Ishi (Japan) (Rev 1),0,,"nointro,retroachievements"
15621,~Hack~ Pokémon Emerald Kaizo,Hack,66,1,local,1,,0,,0,,retroachievements
15623,~Hack~ Pokémon FireRed Backwards,Hack,32,1,local,1,,0,,0,,retroachievements
15933,~Hack~ The Last Promise,Hack,61,1,local,1,,0,,0,,retroachievements
15988,~Hack~ Pokémon FireRed: VR Missions,Hack,53,1,local,1,,0,,0,,retroachievements
16098,Medarot G: Kabuto Version,Official,28,1,local,1,Medarot G - Kabuto (Japan),4,Medarot G - Kabuto (Japan),0,,"nointro,retroachievements"
16160,~Hack~ Hypno's Lullaby,Hack,8,1,local,1,,0,,0,,retroachievements
16195,~Hack~ Pokémon WaterBlue Version,Hack,55,2,local,2,,0,,0,,retroachievements
16209,~Homebrew~ Celeste Classic,Homebrew,39,1,local,1,Celeste Classic (World) (v1.2) (Aftermarket) (Unl),4,Celeste Classic (World) (v1.2) (Aftermarket) (Unl),0,,"nointro,retroachievements"
16222,~Hack~ Pokémon Grand Dad Version,Hack,7,1,local,1,,0,,0,,retroachievements
16272,Castlevania: Aria of Sorrow [Subset - Bonus],Official,15,1,local,1,,0,,0,,retroachievements
16286,~Homebrew~ ~Demo~ Sonyc,Homebrew/Demo,6,1,local,1,,0,,0,,retroachievements
16307,~Homebrew~ Tetrigram,Homebrew,12,1,local,1,,0,,0,,retroachievements
16387,~Homebrew~ Luigi Puzzle,Homebrew,6,1,local,1,,0,,0,,retroachievements
16683,Lilo and Stitch,Official,25,1,local,1,"Lilo & Stitch (Europe) (En,Fr,De,Es,It,Nl)",4,"Lilo & Stitch (Europe) (En,Fr,De,Es,It,Nl)",0,,"nointro,retroachievements"
16684,Lilo and Stitch 2: Hamsterviel Havoc,Official,50,1,local,1,"Lilo & Stitch 2 (Europe) (En,Fr,De,Es)",4,"Lilo & Stitch 2 (Europe) (En,Fr,De,Es)",0,,"nointro,retroachievements"
17340,Kim Possible 2: Drakken's Demise,Official,30,1,local,1,"Kim Possible 2 - Drakken's Demise (USA) (En,Fr)",4,"Kim Possible 2 - Drakken's Demise (USA) (En,Fr)",0,,nointro
17361,~Hack~ Pokémon Radical Red,Hack,157,1,local,1,,0,,0,,retroachievements
17408,Crash Bandicoot Blast!,Official,11,3,local,3,,0,,0,,retroachievements
17530,~Hack~ Pokémon Unbound,Hack,129,2,local,2,,0,,0,,retroachievements
17561,~Hack~ Samus Goes to the Fridge to Get a Glass of Milk,Hack,7,1,local,1,,0,,0,,retroachievements
17701,Urban Yeti!,Official,16,1,local,1,"Urban Yeti! (USA, Europe)",4,"Urban Yeti! (USA, Europe)",0,,nointro
17714,~Prototype~ Metal Slug: Super Vehicle-001,Prototype,20,1,local,1,Metal Slug - Super Vehicle-001 (Japan) (En) (Proto),4,Metal Slug - Super Vehicle-001 (Japan) (En) (Proto),0,,"nointro,retroachievements"
17723,~Hack~ Pokemblem,Hack,59,2,unmatched,0,,0,,0,,
17755,~Homebrew~ Ping-Pong Diplomacy Advance,Homebrew,8,1,local,1,Ping-Pong Diplomacy Advance (World) (Aftermarket) (Unl),4,Ping-Pong Diplomacy Advance (World) (Aftermarket) (Unl),0,,"nointro,retroachievements"
17757,~Hack~ Pokémon Emerald Version: Party Randomizer,Hack,23,1,local,1,,0,,0,,retroachievements
17760,Choro Q Advance 2,Official,153,5,local,5,"Choro Q Advance 2 (Japan),Shifting Gears - Road Trip (USA),Gadget Racers (Europe) (En,Fr,De)",12,"Choro Q Advance 2 (Japan),Shifting Gears - Road Trip (USA),Gadget Racers (Europe) (En,Fr,De)",0,,"nointro,retroachievements"
17807,The Muppets: On With the Show!,Official,7,1,local,1,"Muppets, The - On with the Show! (USA, Europe) (En,Fr,De,Es,It,Nl)",4,"Muppets, The - On with the Show! (USA, Europe) (En,Fr,De,Es,It,Nl)",0,,"nointro,retroachievements"
17853,~Hack~ Mintroid,Hack,30,1,local,1,,0,,0,,retroachievements
17887,Pokémon Sapphire Version [Subset - Professor Oak Challenge],Official,187,1,local,1,,0,,0,,retroachievements
17910,~Hack~ Wario Land 4: Parallel World,Hack,32,1,local,1,,0,,0,,retroachievements
17919,~Homebrew~ Picross Advance,Homebrew,14,2,local,2,,0,,0,,retroachievements
17942,~Unlicensed~ Crash Advance IV,Unlicensed,17,1,local,1,Crash Advance IV (USA) (Unl),4,Crash Advance IV (USA) (Unl),0,,"nointro,retroachievements"
18025,Disney Sports: Basketball,Official,53,1,local,1,"Disney Sports - Basketball (Europe) (En,Fr,De,Es,It)",4,"Disney Sports - Basketball (Europe) (En,Fr,De,Es,It)",0,,"nointro,retroachievements"
18189,Sitting Ducks,Official,40,1,local,1,"Sitting Ducks (Europe) (En,Fr,De,Es,It,Nl)",4,"Sitting Ducks (Europe) (En,Fr,De,Es,It,Nl)",0,,"nointro,retroachievements"
18321,Secret Agent Barbie: Royal Jewels Mission,Official,35,2,local,2,"Secret Agent Barbie - Royal Jewels Mission (Europe) (En,Fr,De,Es,It),Secret Agent Barbie - Royal Jewels Mission (USA)",8,"Secret Agent Barbie - Royal Jewels Mission (Europe) (En,Fr,De,Es,It),Secret Agent Barbie - Royal Jewels Mission (USA)",0,,nointro
18335,~Hack~ Metroid: SR387,Hack,28,1,local,1,,0,,0,,retroachievements
18336,~Hack~ Metroid: So Little Bubble,Hack,16,1,local,1,,0,,0,,retroachievements
18426,~Unlicensed~ Super Mario DX,Unlicensed,8,2,local,2,"Chaoji Maliou DX (Taiwan) (Unl),Mario DX (USA) (Unl)",8,"Chaoji Maliou DX (Taiwan) (Unl),Mario DX (USA) (Unl)",0,,"nointro,retroachievements"
18464,Classic NES Series: Metroid,Official,34,2,local,2,"Classic NES Series - Metroid (USA, Europe)",4,"Classic NES Series - Metroid (USA, Europe)",1,"Classic NES Series - Metroid (USA, Europe)","nointro,retroachievements"
18543,~Hack~ Metroid: Scrolls 6,Hack,56,1,local,1,,0,,0,,retroachievements
18626,Rapala Pro Fishing,Official,7,1,local,1,"Rapala Pro Fishing (USA, Europe)",4,"Rapala Pro Fishing (USA, Europe)",0,,"nointro,retroachievements"
18655,~Hack~ Castlevania: Serenade Under the Moon,Hack,58,1,local,1,,0,,0,,retroachievements
18820,~Hack~ Bandit Emblem,Hack,15,1,local,1,,0,,0,,retroachievements
18821,~Hack~ Bases and Bandits,Hack,6,1,local,1,,0,,0,,retroachievements
18985,~Hack~ Pokémon Sword and Shield Ultimate Plus,Hack,102,1,local,1,,0,,0,,retroachievements
19447,Famicom Mini Vol. 21: Super Mario Bros. 2,Official,50,1,nointro_db_only,0,,0,,1,Famicom Mini 21 - Super Mario Bros. 2 (Japan),
19681,~Hack~ Metroid: Return to Zebes,Hack,40,1,unmatched,0,,0,,0,,
19894,~Prototype~ Quake,Prototype,10,1,local,1,Quake (USA) (Proto),4,Quake (USA) (Proto),0,,"nointro,retroachievements"
19895,~Homebrew~ Popeye Meets Ali Baba's Forty Thieves,Homebrew,7,1,local,1,,0,,0,,retroachievements
20086,Nintendo e-Reader [Subset - Kirby Puzzle],Official,6,0,unmatched,0,,0,,0,,
20209,Nintendo e-Reader [Subset - Pokémon-e TCG],Official,36,0,unmatched,0,,0,,0,,
20222,~Hack~ Pokémon Emerald Version: Party Randomizer [Subset - Battle Frontier],Hack,16,1,local,1,,0,,0,,retroachievements
20230,Mario & Luigi: Superstar Saga [Subset - Perfect Dodges],Official,93,1,local,1,,0,,0,,retroachievements
20277,Super Mario Advance 4: Super Mario Bros. 3,Official,83,1,local,1,,0,,0,,retroachievements
20424,Ms. Pac-Man Maze Madness,Official,33,1,local,1,Ms. Pac-Man - Maze Madness (USA),4,Ms. Pac-Man - Maze Madness (USA),0,,"nointro,retroachievements"
21360,~Hack~ Pokémon Emerald Rogue,Hack,83,1,local,1,,0,,0,,retroachievements
21440,~Prototype~ Sea Boy,Prototype,24,1,local,1,,0,,0,,retroachievements
21442,~Prototype~ Dark Eden,Prototype,10,1,local,1,,0,,0,,retroachievements
21682,~Homebrew~ Minicraft,Homebrew,30,1,local,1,Minicraft (World) (Aftermarket) (Unl),4,Minicraft (World) (Aftermarket) (Unl),0,,"nointro,retroachievements"
21683,~Hack~ Gacha Hack,Hack,8,1,local,1,,0,,0,,retroachievements
21686,~Hack~ Golden Sun: Dawn of Djinn,Hack,71,1,local,1,,0,,0,,retroachievements
21948,~Prototype~ Mario Kart XXL,Prototype,7,1,local,1,Mario Kart XXL (Europe) (Demo),4,Mario Kart XXL (Europe) (Demo),0,,"nointro,retroachievements"
22099,Mega Man Zero [Subset - Bonus],Official,31,1,local,1,,0,,0,,retroachievements
22291,~Homebrew~ Super Block Jump,Homebrew,16,1,local,1,,0,,0,,retroachievements
22464,~Hack~ Fire Emblem: Project Ember,Hack,65,1,local,1,,0,,0,,retroachievements
22571,~Hack~ Fire Emblem Wars,Hack,60,1,local,1,,0,,0,,retroachievements
22659,~Homebrew~ Sips,Homebrew,10,1,local,1,Sips (World) (GBA WinterJam 2023) (Aftermarket) (Unl),4,Sips (World) (GBA WinterJam 2023) (Aftermarket) (Unl),0,,"nointro,retroachievements"
22834,~Hack~ Castlevania: Aria of Sorrow Reprise,Hack,49,1,local,1,,0,,0,,retroachievements
22853,Pokémon Emerald Version [Subset - Mudkip vs. The World (ft. Castform)],Official,33,1,local,1,,0,,0,,retroachievements
22865,Castlevania: Aria of Sorrow [Subset - NOSOUL/NOUSE],Official,36,1,local,1,,0,,0,,retroachievements
23791,~Homebrew~ Luggage Retrieval Officer,Homebrew,105,1,local,1,Luggage Retrieval Officer (World) (Aftermarket) (Unl),4,Luggage Retrieval Officer (World) (Aftermarket) (Unl),0,,"nointro,retroachievements"
23900,~Homebrew~ Google Dino Advance,Homebrew,12,1,local,1,Google Dino Advance (World) (v1.0.1) (Aftermarket) (Unl),4,Google Dino Advance (World) (v1.0.1) (Aftermarket) (Unl),0,,"nointro,retroachievements"
23905,Pokémon FireRed Version [Subset - Professor Oak Challenge],Official,179,1,local,1,,0,,0,,retroachievements
24054,SpongeBob's Atlantis SquarePantis,Official,29,1,local,1,SpongeBob's Atlantis SquarePantis (USA),4,SpongeBob's Atlantis SquarePantis (USA),0,,"nointro,retroachievements"
24089,~Hack~ Castlevania: Aria of Sorrow - Magician Mode,Hack,39,1,local,1,,0,,0,,retroachievements
24099,Pokémon Ruby Version [Subset - Professor Oak Challenge],Official,186,2,local,2,,0,,0,,retroachievements
24138,~Homebrew~ Funny Bird Game 2,Homebrew,10,1,local,1,,0,,0,,retroachievements
24186,Pokémon Emerald Version [Subset - Professor Oak Challenge],Official,221,1,local,1,,0,,0,,retroachievements
24224,~Hack~ Pokémon Unbound [Subset - Professor Oak Challenge],Hack,844,1,local,1,,0,,0,,retroachievements
24331,~Homebrew~ Mooncat's Trio,Homebrew,8,1,local,1,Mooncat's Trio (World) (Aftermarket) (Unl),4,Mooncat's Trio (World) (Aftermarket) (Unl),0,,"nointro,retroachievements"
24366,~Hack~ Ultimate Doom: The Way ID Did,Hack,99,1,local,1,,0,,0,,retroachievements
24367,~Hack~ Doom II: The Way ID Did,Hack,36,1,local,1,,0,,0,,retroachievements
24371,Final Fantasy V: Advance [Subset - Four Job Fiesta],Official,223,1,local,1,,0,,0,,retroachievements
24387,~Hack~ The Ultimate Doom,Hack,118,1,local,1,,0,,0,,retroachievements
24470,~Hack~ Castlevania: Maria of Sorrow,Hack,72,2,local,2,,0,,0,,retroachievements
24875,Pokémon FireRed Version | Pokémon LeafGreen Version [Subset - Shiny Pokémon+],Official,225,2,local,2,,0,,0,,retroachievements
24913,~Homebrew~ Celeste Advance,Homebrew,20,1,local,1,,0,,0,,retroachievements
24942,Boulder Dash EX [Subset - Classic Mode],Official,26,1,local,1,,0,,0,,retroachievements
25058,~Hack~ Wario Land 4: Burning Nightmares,Hack,22,1,local,1,,0,,0,,retroachievements
25111,~Homebrew~ Kadu Bird,Homebrew,16,1,local,1,,0,,0,,retroachievements
25187,~Homebrew~ Toadally Awesome Game,Homebrew,16,1,local,1,Toadally Awesome (World) (GBA Jam 2021) (Aftermarket) (Unl),4,Toadally Awesome (World) (GBA Jam 2021) (Aftermarket) (Unl),0,,"nointro,retroachievements"
25262,Monster! Bass Fishing,Official,25,1,local,1,Monster! Bass Fishing (Europe),4,Monster! Bass Fishing (Europe),0,,nointro
25306,~Homebrew~ ~Demo~ Neo Racing Genesis,Homebrew/Demo,7,1,local,1,,0,,0,,retroachievements
25605,Shrek: Swamp Kart Speedway [Subset - 36 Endings],Official,36,1,local,1,,0,,0,,retroachievements
25856,~Hack~ Pokémon: Too Many Types,Hack,19,1,local,1,,0,,0,,retroachievements
25945,~Homebrew~ Coin Fall,Homebrew,13,1,local,1,,0,,0,,retroachievements
26278,Who Wants to Be a Millionaire: Junior,Official,7,1,local,1,Who Wants to Be a Millionaire Junior (Europe),4,Who Wants to Be a Millionaire Junior (Europe),0,,"nointro,retroachievements"
26383,~Hack~ Just What Do I Need,Hack,13,1,unmatched,0,,0,,0,,
26438,Final Fantasy V: Advance [Subset - Low Level Game],Official,60,1,local,1,,0,,0,,retroachievements
26633,~Hack~ Fire Emblem: Storge,Hack,56,1,local,1,,0,,0,,retroachievements
26735,~Hack~ Andaron Saga,Hack,180,2,local,2,,0,,0,,retroachievements
26958,~Hack~ Rhythm Tengoku: Tempo Up!,Hack,64,2,local,2,,0,,0,,retroachievements
27042,Chobits: Atashi dake no Hito,Official,33,2,local,2,Chobits for Game Boy Advance - Atashi Dake no Hito (Japan),4,Chobits for Game Boy Advance - Atashi Dake no Hito (Japan),0,,"nointro,retroachievements"
27354,Kidou Senshi Gundam: Seed Destiny,Official,104,1,local,1,Kidou Senshi Gundam SEED Destiny (Japan),4,Kidou Senshi Gundam SEED Destiny (Japan),0,,"nointro,retroachievements"
27584,~Homebrew~ Goodboy Galaxy,Homebrew,125,5,local,5,,0,,0,,"nointro,retroachievements"
27590,~Homebrew~ Bridge Quest,Homebrew,7,1,local,1,,0,,0,,retroachievements
27657,Final Fantasy I & II: Dawn of Souls [Subset - FF1 Solo Class],Official,348,1,local,1,,0,,0,,retroachievements
28158,~Homebrew~ GBA Microjam '23,Homebrew,17,1,local,1,,0,,0,,retroachievements
28291,~Homebrew~ MeteoRain,Homebrew,7,1,local,1,,0,,0,,retroachievements
28319,~Hack~ Pokémon: National History Museum,Hack,10,1,local,1,,0,,0,,retroachievements
28320,~Hack~ Pokescape: A Pokémon Escape Room,Hack,6,1,local,1,,0,,0,,retroachievements
28350,~Hack~ Pokémon Puffy Pink,Hack,44,1,unmatched,0,,0,,0,,
28390,~Homebrew~ MarioBreak!,Homebrew,9,1,unmatched,0,,0,,0,,
28593,~Hack~ Metroid: Juicy Mission lite,Hack,8,1,local,1,,0,,0,,retroachievements
28618,~Hack~ Metroid: Salt Mission,Hack,8,1,local,1,,0,,0,,retroachievements
28941,~Homebrew~ Radicorn,Homebrew,7,1,local,1,Radicorn (World) (Proto) (Aftermarket) (Unl),4,Radicorn (World) (Proto) (Aftermarket) (Unl),0,,"nointro,retroachievements"
29025,~Homebrew~ Apotris,Homebrew,53,2,local,2,Apotris (World) (v4.0.2) (Aftermarket) (Unl),4,Apotris (World) (v4.0.2) (Aftermarket) (Unl),0,,"nointro,retroachievements"
29046,~Homebrew~ Scrolls of Fire,Homebrew,24,1,local,1,,0,,0,,retroachievements
29072,Shining Force: Resurrection of the Dark Dragon [Subset - NG+],Official,6,1,local,1,,0,,0,,retroachievements
29082,~Hack~ SMA2 Micro-Hack: The Return to Dinosaur Land,Hack,10,1,local,1,,0,,0,,retroachievements
29225,EZ-Talk: Shokyuu Hen 1 - Jay no English Adventure,Official,14,1,local,1,EZ-Talk - Shokyuu Hen 1 (Japan),4,EZ-Talk - Shokyuu Hen 1 (Japan),0,,"nointro,retroachievements"
29226,EZ-Talk: Shokyuu Hen 2 - Jay no English Adventure,Official,13,1,local,1,EZ-Talk - Shokyuu Hen 2 (Japan),4,EZ-Talk - Shokyuu Hen 2 (Japan),0,,"nointro,retroachievements"
29227,EZ-Talk: Shokyuu Hen 3 - Jay no English Adventure,Official,12,1,local,1,EZ-Talk - Shokyuu Hen 3 (Japan),4,EZ-Talk - Shokyuu Hen 3 (Japan),0,,"nointro,retroachievements"
29228,EZ-Talk: Shokyuu Hen 4 - Jay no English Adventure,Official,14,1,local,1,EZ-Talk - Shokyuu Hen 4 (Japan),4,EZ-Talk - Shokyuu Hen 4 (Japan),0,,"nointro,retroachievements"
29229,EZ-Talk: Shokyuu Hen 5 - Jay no English Adventure,Official,14,1,local,1,EZ-Talk - Shokyuu Hen 5 (Japan),4,EZ-Talk - Shokyuu Hen 5 (Japan),0,,"nointro,retroachievements"
29230,EZ-Talk: Shokyuu Hen 6 - Jay no English Adventure,Official,13,1,local,1,EZ-Talk - Shokyuu Hen 6 (Japan),4,EZ-Talk - Shokyuu Hen 6 (Japan),0,,"nointro,retroachievements"
29689,~Hack~ Fire Emblem: Sacred Echoes,Hack,100,1,local,1,,0,,0,,retroachievements
29758,~Hack~ Pokémon Recharged Yellow,Hack,91,4,local,2,,0,,0,,retroachievements
29784,Mega Man Battle Network 3: White Version [Subset - Powerless],Official,25,1,local,1,,0,,0,,retroachievements
29837,Who Wants to Be a Millionaire: 2nd Edition,Official,7,1,local,1,Who Wants to Be a Millionaire - 2nd Edition (Europe),4,Who Wants to Be a Millionaire - 2nd Edition (Europe),0,,"nointro,retroachievements"
29844,Sword of Mana [Subset - Black Enemy Variants],Official,119,1,local,1,,0,,0,,retroachievements
29874,"~Demo~ WarioWare, Inc.: Trial Version",Demo,8,2,local,2,,0,,0,,retroachievements
29880,NiGHTS into Dreams: Score Attack,Official,8,1,local,1,,0,,0,,retroachievements
30059,Mega Man Zero 2 [Subset - Bonus],Official,27,1,local,1,,0,,0,,retroachievements
30129,Mega Man Battle Network 3: White Version [Subset - Omega S-Ranks],Official,17,1,local,1,,0,,0,,retroachievements
30137,~Hack~ Pokémon Emerald Rogue V2,Hack,260,3,local,3,,0,,0,,retroachievements
30145,~Homebrew~ Notenogram,Homebrew,24,1,local,1,notenogram (World) (v1.1) (Aftermarket) (Unl),4,notenogram (World) (v1.1) (Aftermarket) (Unl),0,,"nointro,retroachievements"
30146,~Hack~ Pokémon: Pit of 100 Trials,Hack,80,1,local,1,,0,,0,,retroachievements
30462,~Homebrew~ Discrete Orange,Homebrew,62,1,local,1,,0,,0,,retroachievements
30709,~Hack~ Pokémon Battle Ultimate,Hack,75,1,local,1,,0,,0,,retroachievements
30881,~Hack~ Andaron Saga: Randomizer,Hack,37,1,local,1,,0,,0,,retroachievements
30883,~Hack~ Andaron Saga [Subset - Secrets Hunt],Hack,30,1,local,1,,0,,0,,retroachievements
30894,~Hack~ Pokémon Emerald Seaglass,Hack,68,1,local,1,,0,,0,,retroachievements
30907,~Homebrew~ Knight Owls,Homebrew,12,1,local,1,,0,,0,,retroachievements
30940,~Homebrew~ Thinking With Boxes,Homebrew,10,1,local,1,,0,,0,,retroachievements
30988,Mother 3 [Subset - Melody Master],Official,55,1,local,1,,0,,0,,retroachievements
31452,The Itsudemo Puzzle: Massugu Soroete Straws,Official,20,2,local,2,Simple 2960 Tomodachi Series Vol. 3 - The Itsudemo Puzzle - Massugu Soroete Straws (Japan),4,Simple 2960 Tomodachi Series Vol. 3 - The Itsudemo Puzzle - Massugu Soroete Straws (Japan),0,,"nointro,retroachievements"
31454,Fire Emblem: Fuuin no Tsurugi [Subset - Trial Map Characters],Official,8,1,local,1,,0,,0,,retroachievements
31768,Mega Man Zero 3 [Subset - Bonus],Official,28,1,local,1,,0,,0,,retroachievements
31892,~Hack~ Pokémon Scorched Silver,Hack,84,1,local,1,,0,,0,,retroachievements
31918,~Homebrew~ Ring Dash GBA,Homebrew,11,1,local,1,Ring Dash (World) (v1.0c) (Aftermarket) (Unl),4,Ring Dash (World) (v1.0c) (Aftermarket) (Unl),0,,nointro
32715,Ultimate Muscle: The Kinnikuman Legacy - The Path of the Superhero,Official,21,1,local,1,Ultimate Muscle - The Kinnikuman Legacy - The Path of the Superhero (USA),4,Ultimate Muscle - The Kinnikuman Legacy - The Path of the Superhero (USA),0,,"nointro,retroachievements"
32800,Mega Man Zero 4 [Subset - Bonus],Official,24,1,local,1,,0,,0,,retroachievements
32839,~Hack~ Pokémon Emerald Imperium,Hack,116,1,unmatched,0,,0,,0,,
32844,~Hack~ Pokémon Recharged Emerald,Hack,122,3,local,2,,0,,0,,retroachievements
32921,~Hack~ Pokémon Emerald Rogue V2 [Subset - Bonus],Hack,67,1,local,1,,0,,0,,retroachievements
32931,~Hack~ Fire Emblem: Project Ember [Subset - Reverse Recruitment],Hack,43,1,local,1,,0,,0,,retroachievements
33006,Pokémon LeafGreen Version [Subset - Professor Oak Challenge],Official,136,1,local,1,,0,,0,,retroachievements
33038,~Hack~ GRAVITY: Sylux's Crusade,Hack,32,1,local,1,,0,,0,,retroachievements
33063,~Hack~ Pokémon Odyssey,Hack,90,5,local,5,,0,,0,,retroachievements
33298,~Hack~ Pokémon Elysium,Hack,109,2,unmatched,0,,0,,0,,
33398,~Hack~ Super Mariomon,Hack,64,2,local,2,,0,,0,,retroachievements
33564,~Homebrew~ Getting Around It with Pheasant Birdy,Homebrew,7,1,local,1,Getting Around It with Pheasant Birdy (World) (Proto) (GBA Jam 2024) (Aftermarket) (Unl),4,Getting Around It with Pheasant Birdy (World) (Proto) (GBA Jam 2024) (Aftermarket) (Unl),0,,"nointro,retroachievements"
33566,~Hack~ Pokémon: Cave Escape,Hack,8,1,local,1,,0,,0,,retroachievements
33567,Shantae Advance: Risky Revolution,Official,53,2,local,2,Shantae Advance - Risky Revolution (World) (Limited Run Games),4,Shantae Advance - Risky Revolution (World) (Limited Run Games),0,,"nointro,retroachievements"
33574,~Hack~ Pokémon: Maxie's Island,Hack,11,1,local,1,,0,,0,,retroachievements
33582,~Hack~ PokeEscape,Hack,8,1,local,1,,0,,0,,retroachievements
33583,~Hack~ Freezai's Mountain,Hack,13,1,local,1,,0,,0,,retroachievements
33600,~Hack~ Fire Emblem: A Star Wars Story,Hack,9,1,local,1,,0,,0,,retroachievements
33610,~Hack~ Yet Another Vanilla SMA2 Hack,Hack,11,1,local,1,,0,,0,,retroachievements
33618,~Hack~ Acko's Mach-Bike Race,Hack,10,1,local,1,,0,,0,,retroachievements
33742,~Homebrew~ Portal Advance,Homebrew,6,1,local,1,,0,,0,,retroachievements
33774,~Homebrew~ Luigi MasterMind,Homebrew,7,1,local,1,,0,,0,,retroachievements
34096,~Homebrew~ Celeste Classic 2: Lani's Trek,Homebrew,11,1,local,1,,3,Celeste Classic 2 (World) (Aftermarket) (Unl),0,,retroachievements
34108,~Hack~ Pokémon Lazarus,Hack,63,1,unmatched,0,,0,,0,,
34877,~Hack~ Pokémon Uncanny Version,Hack,90,1,local,1,,0,,0,,retroachievements
35439,~Prototype~ SpongeBob SquarePants: SuperSponge,Prototype,43,1,local,1,"SpongeBob SquarePants - SuperSponge (USA, Europe) (Beta 13)",4,"SpongeBob SquarePants - SuperSponge (USA, Europe) (Beta 13)",0,,"nointro,retroachievements"
36943,~Hack~ Fire Emblem: The Hag in White,Hack,82,2,unmatched,0,,0,,0,,
37048,~Hack~ The Szechuan Sword: A PostModern Strategy Game,Hack,30,1,local,1,,0,,0,,retroachievements
37577,~Hack~ Pokémon: Too Many Types 2,Hack,57,1,unmatched,0,,0,,0,,
37604,Super Mario Advance Series [Subset - Mario Bros],Official,24,5,unmatched,0,,0,,0,,
37695,~Homebrew~ With the Last Moonbeam,Homebrew,18,1,local,1,With the Last Moonbeam (World) (v1.0.1) (Aftermarket) (Unl),4,With the Last Moonbeam (World) (v1.0.1) (Aftermarket) (Unl),0,,"nointro,retroachievements"
37814,Final Fantasy IV: Advance [Subset - LLIEG],Official,20,1,unmatched,0,,0,,0,,
37882,~Homebrew~ Crypt Sweeper,Homebrew,32,1,unmatched,0,,0,,0,,
38017,Kirby: Nightmare in Dream Land [Subset - Single Ability Runs],Official,140,1,unmatched,0,,0,,0,,
38061,~Homebrew~ Gold Miner,Homebrew,8,1,unmatched,0,,0,,0,,
38188,~Homebrew~ Bloxorz,Homebrew,9,1,dat_only,0,,4,Bloxorz (World) (v1.1) (Aftermarket) (Unl),0,,
38562,~Hack~ Pokémon Lazarus [Subset - Monotype Challenge],Hack,180,1,unmatched,0,,0,,0,,
38619,~Hack~ Pokemblem [Subset - Challenge Runs],Hack,172,2,unmatched,0,,0,,0,,
40413,Kingdom Hearts: Chain of Memories [Subset - Level 1],Official,39,1,unmatched,0,,0,,0,,
41205,~Hack~ Pokémon: No Center Challenge,Hack,40,1,unmatched,0,,0,,0,,
42809,~Homebrew~ Pixel Pup,Homebrew,18,1,unmatched,0,,0,,0,,
